fr,de,ru,en,zh,es,ja,ko,et,fi,nl,hi,word_original,it
['livre'],['Buch'],['книга'],['book'],"['書', '书籍', '書籍', '书', '圖書', '图书']",['libro'],['本'],['책'],['raamat'],['kirja'],"['boek', 'boeken', 'album', 'boekwerk', 'boekje']","['किताब', 'पुस्तक']",book,['libro']
['nuage'],"['Wolke', 'Gewölk']","['облако', 'облака', 'о́блако', 'ту́ча']",['cloud'],"['雲', '云']","['nube', 'nubes']",['雲'],['구름'],"['pilv', 'Pilv']",['pilvi'],['wolk'],"['अभ्र', 'बादल', 'मेघ']",cloud,"['nube', 'nuvola', 'nembo']"
"['sac à main', 'porte-monnaie', 'sac', 'sac plastique', 'sac de caisse', 'sac en papier']","['Handtasche', 'Sack', 'Tasche', 'Beutel', 'Tüte', 'Tragetasche', 'Plastiktüte', 'Papiersack', 'Tragetüte']","['сумка', 'сумочка', 'ридикюль', 'су́мочка', 'су́мка', 'паке́т', 'кулёк', 'Бумажный пакет', 'куль', 'бумажный пакет', 'пластиковый пакет', 'мешо́к']","['purse', 'bag', 'handbag', 'pocketbook', 'sack', 'paper bag', 'carrier bag', 'poke', 'plastic shopping bag']","['皮包', '手袋', '手提包', '钱包', '袋', '張泰開', '包', '袋子', '囊', '购物袋', '纸袋', '塑料袋', '購物袋']","['bolso', 'cartera', 'bulto', 'bolsa', 'bolsa de papel', 'costal', 'saco', 'bolsa plástica de compra']","['ハンドバッグ', '鞄', '袋', 'レジ袋', 'ビニール袋', 'キャリアバッグ', 'サック', '紙袋']","['손가방', '가방', '비닐봉투', '자루', '쇼핑 백', '종이 가방']","['käekott', 'Kott', 'Paberkott', 'kott', 'kilekott']","['käsilaukku', 'Käsilaukku', 'laukku', 'lompakko', 'kukkaro', 'pussi', 'kassi', 'muovikassi', 'paperikassi', 'paperipussi', 'säkki']","['tas', 'handtas', 'Handtas', 'tasje', 'zak', 'papieren tas', 'buil']","['थैला', 'बोरा', 'बोरी', 'कागज के थैले']",bag,"['portamonete', 'borsello', 'borsetta', 'borsa', 'borsetto', 'sacchetto', 'sacco', 'busta', 'Sacchetto di plastica', 'busta di carta', 'sacco di plastica', 'sacchetto di carta']"
"['montagne', 'sommet', 'cime', 'pic', 'crête', 'pointe']","['Berg', 'Höhepunkt', 'Gipfel', 'Berggipfel']","['гора', 'пик', 'вершина местности', 'верши́на', 'Вершина местности']","['mountain', 'mount', 'top', 'apex', 'summit', 'peak', 'crown', 'crest', 'tip']","['山', '山脉', '高山', '大山', '顶峰', '尖峰', '頂峰', '高峰', '顶部', '最高点', '顶点', '顶']","['montaña', 'monte', 'ápice', 'pico', 'culmen', 'cima', 'cresta', 'cúspide', 'extremo superior', 'cumbre']","['山岳', '山', '山頂', '頂上']","['산', '산꼭대기']","['mägi', 'mäetipp']","['vuori', 'huippu', 'vuorenhuippu', 'kärki']","['berg', 'top', 'toppunt', 'piek', 'apex', 'kruin', 'bergtop']","['पहाड़', 'पर्वत', 'चोटी', 'शिखर']",mountain,"['montagna', 'monte', 'culmine', 'cima', 'sommità', 'vetta', 'punta', 'apice', 'pizzo', 'colmo', 'giogo', 'cucuzzolo', 'cuspide', 'cocuzzolo', 'picco']"
"['cœur', 'myocarde', 'cœur humain', 'cavité cardiaque', 'Philia', 'affection', 'philia']","['Herz', 'Philia', 'Affektion', 'Zuneigung']","['сердце', 'сердце человека', 'филия', 'се́рдце', 'привязанность', 'серде́чко']","['heart', 'ticker', 'pump', 'Diaphragmatic surface of heart', 'human heart', 'cardiac chamber', 'affectionateness', 'philia', 'fondness', 'warmheartedness', 'affection', 'tenderness', 'warmness', 'affectio']","['心脏', '心', '心臟', '胸口', '最高形式的爱', '友愛', '愛意', '心形', '爱情', '慈爱', '好感']","['corazón', 'cámara cardíaca', 'corazón humano', 'philia', 'afecto', 'filia', 'simpatía', 'ternura', 'afección', 'afición', 'amor', 'apego', 'afectividad', 'cariño']","['心臓', '心腔', 'ヒトの心臓', 'ハート', '愛着', 'フィリア', '心形']","['심장', '애착', '햅틱', '필리아']","['süda', 'Afektsioon']","['sydän', 'sydänlihas', 'pumppu', 'kiintymys', 'rakkaus', 'mieltymys', 'sydämellisyys', 'lämpö', 'lämminsydämisyys', 'rakastavuus', 'filia', 'hellyys', 'heikkous']","['hart', 'human heart', 'hartkamer', 'lever', 'tikkertje', 'tikker', 'rikketik', 'affectie', 'Philia', 'genegenheid']","['हृदय', 'प्रेम', 'स्नेह', 'कल्ब', 'दिल', 'क़ल्ब']",heart,"['cuore', 'cuore umano', 'Superficie diaframmatica', 'superficie diaframmatica del cuore', 'philia', 'affezione', 'affetto', 'attaccamento', 'bene', 'amore']"
"['main', 'patte', 'bras', 'arrière-bras', 'membre supérieur libre']","['Hand', 'Arm', 'Oberarm', 'Hinterarm', 'freie obere Extremität']","['рука', 'кисть', 'свободная верхняя конечность', 'плечо', 'плечо́', 'рука за исключением запястья']","['hand', 'manus', 'mitt', 'paw', 'Manus', 'arm', 'upper arm', 'free upper limb']","['手', '前足', '前肢骨', '手臂', '臂', '大臂', '上臂', '肱', '胳膊', '胳臂', '臂膀']","['mano', 'palma', 'zarpa', 'manus', 'pata', 'brazo', 'brazo y mano', 'braco', 'jarrete', 'braceto']","['手', 'マヌス', '腕', '二の腕', '上腕', '上膊', '自由上肢']","['손', '팔']","['labakäsi', 'käsivars', 'käsi', 'Käsivars', 'Õlavars', 'õlavars']","['käsi', 'jalka', 'käpälä', 'manus', 'olkavarsi', 'käsivarsi', 'Olkavarsi']","['klauw', 'hand', 'poot', 'klauwen', 'klavier', 'fik', 'vlerken', 'kluif', 'tengels', 'knijper', 'klavieren', 'fikken', 'arm', 'opperarm', 'bovenarm']","['हाथ', 'बाज़ू', 'बांह', 'बाँह']",hand,"['mano', 'braccio', 'arto superiore libero', 'arto superiore']"
['étoile'],"['Stern', 'Sonne', 'Fixstern']","['звезда', 'звезда́']",['star'],"['星', '恒星', '恆星', '母恒星', '星章', '星标', '星形', '星形物']","['estrella', 'astro']","['恒星', '星', '母恒星']","['별', '항성', '외계 행성 주인별']","['täht', 'Täht']","['tähti', 'kiintotähti']","['zon', 'ster', 'sterretje']",['तारा'],star,"['stella', 'astro', 'sole']"
['ressort'],"['Feder', 'Sprungfeder']","['пружина', 'пружи́на', 'рессо́ра']",['spring'],"['彈簧', '弹簧', '發條', '发条']","['resorte', 'muelle']","['スプリング', 'バネ', '発条', 'ばね']","['출렁쇠', '용수철']","['vedru', 'Vedru']","['jousi', 'vieteri', 'joustin']",['veer'],['कमानी'],spring,['molla']
"['lune', 'Lune']","['Mond', 'Frau Luna', 'Luna', 'Erdmond']","['луна', 'месяц']","['Luna', 'Moon', 'moon']","['月球', '月', '月亮']","['Luna', 'luna']",['月'],['달'],['Kuu'],"['Kuu', 'kuu']","['maan', 'Maan']",['चन्द्रमा'],moon,"['luna', 'Luna']"
"['hameau', 'village']","['Dorf', 'Ortschaft', 'Weiler', 'Dörfchen']","['деревня', 'село', 'слобода́', 'село́', 'кишла́к', 'ау́л', 'стани́ца', 'селе́ние', 'весца́', 'ху́тор', 'дере́вня', 'вёска', 'весь', 'ве́слина']","['village', 'hamlet']","['村', '乡庄', '鄉村', '村莊', '村落', '农村', '乡村', '屯落', '農村', '村庄', '村子', '鄉莊']","['caserío', 'pueblo', 'aldea', 'aldehuela']","['村', '村落', '田舎']","['마을', '촌락']",['küla'],"['kylä', 'pieni kylä']","['dorp', 'gehucht', 'gat', 'buurt', 'buurtschap', 'vlek']","['गाँव', 'गांव']",village,"['paesello', 'borgo', 'paesino', 'frazione', 'villaggio', 'paese', 'borgata', 'casale', 'vico']"
"['forêt', 'bois', 'brousse', 'Wälder', 'aubier']","['Busch', 'Wald', 'Forst', 'Wälder', 'Holz', 'Splintholz']","['лес', 'дерево', 'оболонь', 'древеси́на', 'древесина', 'лесоматериа́л', 'де́рево']","['forrest', 'forest', 'wood', 'woods', 'Wälder', 'sap-wood', 'sapwood', 'alburnum']","['林木', '树林', '樹林', '森林', '木头', '木', '木材', '木料', '木頭']","['bosque', 'Wälder', 'bosques', 'selva', 'floresta', 'albura', 'sámago', 'madera']","['森林', '森', '木材', '木']","['숲', '삼림', '나무', '목재']","['laas', 'mets', 'Wälder', 'puit', 'puu']","['metsä', 'Wälder', 'puu', 'puumaila', 'pintapuu', 'puuaines']","['bos', 'woud', 'Wälder', 'bosje', 'foreest', 'hout', 'spinthout', 'houtsoort']","['जंगल', 'वन', 'लक्डी', 'लकड़ी', 'काठ', 'काष्ठ']",forest,"['foresta', 'bosco', 'Wälder', 'selva', 'bosco misto', 'legno', 'alburno', 'legname']"
"['fruit', 'fruit charnu']","['Frucht', 'Saftfrucht']","['фрукт', 'плод', 'мягкотелый плод']","['fruit', 'fleshy fruit']","['水果', '果实', '果子']","['fruta', 'fruto']","['実', '果実', '液果']",['열매'],"['vili', 'puuvili']",['hedelmä'],"['vrucht', 'ooft', 'vlezig fruit', 'fruit', 'zaadbol']",['फल'],fruit,"['frutto', 'frutta carnosa', 'frutta']"
"['réseau', 'filet', 'réseau informatique', 'maille de tricot', 'maillage', 'tissus']","['Netzwerk', 'Rechnernetz', 'Computernetzwerk', 'Netz', 'Gittergewebe', 'Gitter']","['сетка', 'компьютерная сеть', 'мерёжа', 'мре́жа', 'се́тка', 'сеть']","['net', 'computer network', 'mesh', 'network', 'meshwork', 'meshing', 'knitting stitch']","['電腦網路', '计算机网络', '網', '筛', '网孔', '网', '網孔']","['malla', 'red informática', 'red de computadoras', 'red', 'red de ordenadores', 'rejilla']","['コンピュータ・ネットワーク', '編', '網', 'メッシュ']","['그물', '망']",['võrk'],"['verkko', 'seula']","['gaas', 'computernetwerk', 'netwerk', 'net', 'breisteek', 'vangnet']",['जाल'],grid,"['rete', 'rete di calcolatori', 'rete informatica', 'maglia', 'reti']"
['chanson'],['Lied'],['песня'],"['song', 'vocal']","['歌', '歌曲']","['canción', 'vocal']","['歌曲', '歌']",['노래'],['laul'],"['laulu', 'sävelmä', 'lauluosuus']","['lied', 'zang', 'liedje', 'een appel en een ei', 'nummer']",['गीत'],song,"['canzone', 'canzonetta', 'canto']"
['eau'],['Wasser'],['вода'],['water'],['水'],['agua'],['水'],['물'],['vesi'],['vesi'],"['water', 'zoetwater', 'majem']","['जल', 'पानी']",water,['acqua']
['sable'],['Sand'],"['песок', 'песо́к']",['sand'],"['沙子', '砂', '沙']",['arena'],['砂'],['모래'],"['liiv', 'Liiv']",['hiekka'],"['zand', 'zavel', 'lef', 'zandstrand']","['बालू', 'रेत']",sand,"['sabbia', 'rena', 'arena']"
"['rivière', 'fleuve']","['Fluß', 'Fluss']",['река'],['river'],"['河', '水流', '河流', '川', '江']","['río', 'ríos']",['川'],['강'],['jõgi'],['joki'],"['rivier', 'stroom']","['नदी', 'दरिया']",river,['fiume']
"['loi', 'droit', 'dossier', 'Archives notariales en France', 'fichier', 'acte']","['Recht', 'Gesetz', 'Urkunde', 'Akte']","['закон', 'право', 'пра́вило', 'пра́во', 'зако́н', 'докуме́нт', 'акт', 'папка']","['law', 'jurisprudence', 'act', 'enactment', 'file unit']","['法律系统', '法律', '案卷单元', '法规', '条款', '法令', '条例']","['derecho', 'ley', 'Derecho', 'jurisprudencia', 'acta', 'hecho']",['法'],['법'],"['õigus', 'seadus', 'akt', 'Akt']","['laki', 'juridiikka', 'pöytäkirja', 'asetus', 'säädös', 'asiakirja']","['wet', 'recht', 'archiefbestanddeel', 'steekkaartsystemen']","['नियम', 'विधि', 'क़ानून']",law,"['diritto', 'legge', 'giurisprudenza', 'legislazione', 'corpo legislativo', 'atto', 'strumento']"
"['vague', 'onde']","['Meereswelle', 'Welle', 'Wasserwelle']","['волна', 'морская волна', 'ветровые волны']","['sea wave', 'ocean surface wave', 'wave', 'moving ridge', 'wind wave']","['海浪', '波濤', '波', '波浪']","['ola', 'ola marina', 'onda']",['波'],['파도'],"['merelaine', 'Veelained', 'veelained']",['aalto'],"['zeegolven', 'vloeistofoppervlaktegolf', 'oppervlaktegolf', 'golf']",['महासागरीय तरंगे'],wave,"['onda marina', 'onda del mare', 'onda', 'flutto']"
"['mer', 'milieu marin', 'océan']","['Meer', 'Meeresumwelt', 'Ozean']","['океан', 'Мировой океан', 'море', 'морская окружающая среда']","['sea', 'body of water', 'bounding main', 'ocean', 'marine environment']","['海', '世界洋', '海洋', '洋', '大洋']","['mar', 'océano mundial', 'océano', 'mares', 'ambiente marino']","['海', '世界の大洋', '大洋', '海洋']","['바다', '대양']","['Maailmameri', 'meri', 'ookean', 'merekeskkond']","['meri', 'valtameri', 'meriympäristö']","['zee', 'mariene milieu', 'oceaan', 'plas', 'wereldzee']","['सागर', 'महासागर']",ocean,"['mare', 'acque', 'ambiente marino', 'oceano']"
"['grotte', 'caverne']",['Höhle'],['пещера'],['cave'],"['洞穴', '洞窟', '石窟', '洞']","['caverna', 'cueva', 'gruta']",['洞窟'],['동굴'],['koobas'],"['luola', 'luolasto']","['hol', 'grot']",['गुफ़ा'],cave,"['caverna', 'grotta', 'antro']"
['mer'],['Meer'],"['море', 'Мировой океан']",['sea'],"['海', '世界洋']","['mar', 'océano mundial', 'océano', 'mares']","['海', '世界の大洋']",['바다'],"['Maailmameri', 'meri']",['meri'],['zee'],['सागर'],sea,"['mare', 'acque']"
['lac'],['See'],['озеро'],['lake'],"['湖', '湖泊']","['lago', 'lagos', 'estanque']",['湖'],['호수'],['järv'],['järvi'],['meer'],['झील'],lake,['lago']
['source'],['Quelle'],"['источник', 'родник', 'ключ', 'студене́ц', 'родни́к', 'исто́чник']","['spring', 'outpouring', 'outflow', 'fountain', 'natural spring']","['源泉', '泉', '泉水', '喷泉']","['manantial', 'fuente', 'vertiente', 'surtidor', 'brollador', 'fuente natural', 'emanación']","['泉', '湧水', '温泉']","['샘터', '샘']","['allikas', 'läte', 'veesilm']","['lähde', 'ulosvirtaus', 'purkaus', 'luonnonlähde']","['bron', 'wel', 'fontein']","['पानी का चश्मा', 'चश्मा']",source,"['sorgente', 'fonte', 'polla', 'scaturigine']"
"['point', 'Point', 'point final']",['Punkt'],"['точка', 'знак препина́ния', 'то́чка']","['period', 'full stop', 'dot', 'point', 'stop', 'full point']","['丶部', '丶', '句号', '句點', '。', '句点', '句號']","['punto', 'punto final']","['ポイント', '終止符', '句点', '点', 'ピリオド', '。']",['마침표'],['punkt'],"['piste', 'Piste']","['punt', 'puntkomma', 'dubbele punt', 'komma', 'oord', 'plaats']","['दंड', 'पूर्ण विराम', '।', 'बिंदु']",point,"['punto', 'punto fermo', 'stop']"
"['ballon', 'balle', 'ballon de football', 'bal']","['Ball', 'Fußball', 'Tanzball']","['мяч', 'футбольный мяч', 'бал']","['ball', 'association football ball', 'formal']","['球', '足球比赛用球', '舞会']","['pelota', 'bola', 'balón', 'pelota de fútbol', 'balón de fútbol', 'baile']","['ボール', 'サッカーボール', '舞踏会']","['공', '축구공', '무도회']","['pall', 'kera', 'ball', 'Ball']","['pallo', 'jalkapallo', 'tanssiaiset', 'Tanssiaiset']","['bal', 'voetbal']",['गेंद'],ball,"['pallone', 'palla', 'pallone da calcio', 'ballo', 'veglione']"
"['peinture', 'artiste peintre', 'peintre', 'image', 'tableau', 'pratique', 'habitude']","['Abbild', 'Maler', 'Darstellung', 'Gemälde', 'Malerei']","['картина', 'образ', 'живопись', 'жи́вопись', 'обы́чай']","['image', 'picture', 'artist', 'painting', 'painter', 'art of painting', 'pattern', 'practice']","['绘画', '畫作', '油漆', '繪畫', '画儿', '图画', '画', '习惯', '習慣', '模式', '惯例']","['pintora', 'imagen', 'pintor', 'pintura', 'pintado', 'lienzo', 'cuadro', 'hábito', 'costumbre', 'práctica']","['絵画', '画像', '画', 'タブロー', '絵画作品', '習慣', 'ならわし', '慣習', '慣行']","['회화', '관습', '습관', '관행']","['maal', 'maalimine', 'maalikunst']","['kuva', 'maalaustaide', 'maalaus', 'käytäntö', 'tapa']","['schilder', 'verven', 'plaatje', 'schilderen', 'kunstschilder', 'afbeelding', 'schilderkunst', 'geschilder', 'schilderij', 'schilderstuk', 'schilderwerk', 'doek', 'praktijk', 'gebruik', 'zich oefenen', 'oefenen', 'stramien', 'patroon', 'uitoefening', 'oefening']",['चित्रकला'],painting,"['pittura', 'pittore', 'raffigurazione', 'immagine', 'dipinto', 'verniciatura', 'quadro', 'abitudine', 'pratica', 'modello', 'schema']"
"['riziculteur', 'riz', 'riz paddy']",['Reis'],['рис'],"['rice farmer', 'rice', 'rice grower', 'Rice gadu']","['稻米', '米', '稻', '稻子']",['arroz'],"['米', '稲']","['쌀', '벼']",['riis'],"['riisi', 'riisikasvi']","['rijst', 'rijstboer', 'Aziatische rijst']","['चावल', 'तंडुल', 'धान', 'भात']",rice,"['riso', 'risicoltore', 'risicultore']"
['rouge'],['Rot'],"['красный', 'красный цвет', 'кра́сный']","['red', 'redness']","['红色', '紅色']","['rojo', 'roja', 'rojez']",['赤'],"['빨강', '빨간색']",['punane'],"['punainen', 'punaisuus']","['rood', 'keel']",['लाल'],red,['rosso']
['courbe'],['Kurve'],"['линия', 'кривая', 'крива́я']","['curved shape', 'curve']","['曲线', '曲線']",['curva'],['曲線'],['곡선'],"['joon', 'kõverjoon']","['käyrä', 'käyrän muotoinen']","['kromme', 'gebogen lijn', 'curve']",['वक्र'],line,['curva']
"['réseau', 'filet', 'réseau informatique', 'maille de tricot', 'maillage', 'tissus']","['Netzwerk', 'Rechnernetz', 'Computernetzwerk', 'Netz', 'Gittergewebe', 'Gitter']","['сетка', 'компьютерная сеть', 'мерёжа', 'мре́жа', 'се́тка', 'сеть']","['net', 'computer network', 'mesh', 'network', 'meshwork', 'meshing', 'knitting stitch']","['電腦網路', '计算机网络', '網', '筛', '网孔', '网', '網孔']","['malla', 'red informática', 'red de computadoras', 'red', 'red de ordenadores', 'rejilla']","['コンピュータ・ネットワーク', '編', '網', 'メッシュ']","['그물', '망']",['võrk'],"['verkko', 'seula']","['gaas', 'computernetwerk', 'netwerk', 'net', 'breisteek', 'vangnet']",['जाल'],net,"['rete', 'rete di calcolatori', 'rete informatica', 'maglia', 'reti']"
"['thé', 'feuille de thé']","['Tee', 'Teeblatt', 'Teeblätter']","['чай', 'ча́йные ли́стья', 'ча́йный лист']","['tea', 'tea leaf']","['茶', '红茶', '茶叶', '茶葉']","['té', 'tisana', 'infusión', 'hoja de té']","['茶', '茶葉', 'お茶っ葉']","['차', '차잎', '찻잎', '다엽']",['tee'],"['tee', 'teelehti', 'teenlehdet', 'teenlehti']","['thee', 'theeblad']",['चाय'],tea,"['tè', 'thè', 'foglia di tè']"
['or'],['Gold'],['золото'],"['gold', 'Au']","['黃金', '黄金', '金', '金子']",['oro'],['金'],['금'],['kuld'],"['kulta', 'Au']",['goud'],['सोना'],gold,['oro']
"['encadrement de porte', 'porte', 'portière', 'huis', 'sonnette']","['Türfutter', 'Türrahmen', 'Tor', 'Türzarge', 'Türen', 'Tür', 'Türe', 'Klingel', 'Türglocke', 'Türklingel', 'Hausglocke']","['дверь', 'две́ри', 'Дверной звонок', 'звоно́к', 'дверно́й звоно́к', 'дверной звонок']","['door case', 'doorcase', 'door', 'door frame', 'doorway', 'doorframe', 'bell', 'buzzer', 'doorbell']","['戶', '門', '门', '门儿', '門兒', '門扉', '门铃', '門鈴', '电铃', '電鈴']","['puerta', 'marco de puerta', 'seguro', 'timbre', 'campanilla de puerta']","['門', 'ドア', '扉', '戸', '戸口', '呼び鈴', 'ドアベル', '電鈴', 'ドアチャイム', 'ベル']","['문', '전령', '초인종', '도어폰', '벨']","['uks', 'uksekell']","['ovi', 'ovikello', 'Ovikello', 'ovisummeri']","['poort', 'portier', 'deur', 'deurbel', 'bel', 'zoemer', 'huisbel', 'klingel', 'schel', 'door Bell', 'ding-dong']","['द्वार', 'दरवाज़ा', 'दर', 'प्रवेश', 'दरवाजा', 'घंटी', 'द्वारघण्टी', 'दर्वाज़ी की घंटी', 'दरवाज़े की घंटी']",door,"['telaio della porta', 'porta', 'portiera', 'uscio', 'sportello', 'campanello']"
"['neige', 'couche de neige', 'chute de neige']","['Schneedecke', 'Schneefall', 'Schnee']","['снег', 'снегопад']","['snow cover', 'snow', 'snowfall', 'snow mantle']","['雪', '下雪', '降雪']","['nevada', 'capa de nieve', 'nieve', 'nevar']","['雪', '降雪', 'ゆき']",['눈'],['lumi'],"['lumi', 'lumisade']","['sneeuw', 'sneeuwlaag', 'sneeuwval', 'sneeuwwit', 'sneeuwen']","['हिम', 'हिमपात', 'बर्फ़']",snow,"['nevicata', 'caduta di neve', 'neve']"
"['cheval', 'equus caballus']","['Gaul', 'Pferd', 'Ross', 'Hauspferd']","['лошадь', 'домашняя лошадь']","['horse', 'Equus caballus']","['馬', '马']","['caballo', 'Equus ferus caballus', 'yegua', 'equinos']","['馬', 'ウマ', 'Equus caballus']",['말'],['hobune'],"['hevonen', 'Equus caballus']","['paard', 'peerd', 'viervoeter', 'ros']",['घोड़ा'],horse,"['cavallo', 'Equus ferus caballus', 'Equus caballus']"
['deux'],"['zwei', 'Zwei']","['два', 'двойка', 'дво́йка', 'две', 'дво́е']","['two', 'deuce', 'II']","['貳', '二', '贰', '两', '兩']",['dos'],"['二', '二つ']","['둘', '이', '두']","['kaks', 'Kaks']","['kakkonen', 'kaksi', 'II']",['twee'],"['द्वि', 'दुई', 'दो']",two,['due']
"['cinq', 'quintette']","['fünf', 'Fünf']",['пять'],"['five', 'fin', 'fivesome', 'quintet', 'cinque', 'quint', 'pentad', 'V', 'Phoebe', 'quintuplet', 'Little Phoebe']",['五'],"['cinco', 'quint', 'cinque']",['五'],"['오', '다섯']","['viis', 'Viis']","['viisi', 'V']","['vijf', 'quintool', 'vijftal']",['पाँच'],five,"['cinque', 'V']"
"['six', 'demi-douzaine', 'sextuor']","['Schwindler', 'sechs', 'halbes Dutzend']","['шесть', 'полдю́жины', 'ше́стеро']","['six', 'half a dozen', 'sextuplet', 'VI', 'Captain Hicks', 'sise', 'sextet', 'hexad', 'sixer', 'sestet']",['六'],"['seis', 'Sexteto de música', 'sixer', 'sexteto', 'sise', 'hexad', 'sestet']","['六', 'シックス', '六つ']","['륙', '여섯', '육']","['kuus', 'Kuus']","['kuusi', 'puoli tusinaa', 'sekstetti', 'kuusikko', 'Captain Hicks', 'VI', 'heksa', 'kuutonen']","['zes', 'sextool']","['छः', 'छह']",six,"['sei', 'sestetto']"
['huit'],"['acht', 'Acht']",['восемь'],"['eight', 'octonary', 'ogdoad', 'VIII', 'octet', 'eighter', 'eighter from Decatur', 'octad']",['八'],"['ocho', 'octad']",['八'],['여덟'],"['kaheksa', 'Kaheksa']","['kahdeksan', 'VIII', 'kahdeksikko']",['acht'],['आठ'],eight,['otto']
"['dix', 'dizaine', 'décennie']","['zehn', 'Zehn']","['десять', 'де́сять', 'де́сятеро']","['ten', 'decade', 'tenner', 'X']","['拾', '十']","['diez', 'decena', 'década']",['十'],"['열', '십']",['kümme'],"['kymmenen', 'kymppi', 'dekadi', 'kybä', 'X', 'kypä']","['tien', 'tientje']","['दस', 'दश', 'दह']",ten,['dieci']
['tête'],"['Haupt', 'Kopf']","['голова', 'глава́', 'башка́', 'голова́']","['head', 'caput']","['脑袋', '头部', '頭子', '頭部', '头子', '頭', '腦袋', '首', '头', '头脑', '頭腦']","['mente', 'cabeza', 'marote', 'melón', 'testa', 'sesera', 'coco', 'sabiola', 'tarro', 'maceta', 'chola', 'punta']","['頭', '頭部']",['머리'],['pea'],"['pää', 'lanttu', 'kallo']","['kop', 'hoofd', 'baas', 'bazin', 'leider', 'op uw plaatsen, klaar, af!']","['सिर', 'सर']",head,"['testa', 'capo', 'capoccia', 'zucca', 'chiorba', 'cranio']"
"['commerce', 'magasin', 'boutique']","['Einzelhandelsgeschäft', 'Geschäft', 'Laden']","['магазин', 'лавка', 'бути́к', 'магази́н', 'ла́вка']","['boutique', 'store', 'retail outlet', 'shop']","['商店', '鋪子', '店', '铺子', '店铺', '店鋪']","['tienda', 'comercio', 'negocio', 'establecimiento', 'almacén']","['商店', '店', '販売店', '売店', '店鋪', 'ストア', 'ショップ']","['가게', '판매점', '상점']","['pood', 'kauplus']","['myymälä', 'kauppa']","['winkel', 'magazijn', 'nering', 'shop', 'atelier', 'zaak', 'werkplaats']","['दुकान', 'दूकान']",shop,"['negozio', 'magazzino', 'esercizio', 'spaccio', 'bottega', 'fondo commerciale', 'locale']"
"['fraction', 'partie', 'section']","['Bruchteil', 'Bruch', 'Bruchrechnung', 'Abschnitt', 'Paragraf', 'Paragraph']","['часть', 'части́ца', 'дробь', 'секция', 'параграф']","['fraction', 'subdivision', 'section']","['分數', '部分', '分数', '乐部']","['fracción', 'quebrado', 'sección', 'apartado', 'parte']","['分数', '断片', '楽節', '節']",['분수'],"['murdarv', 'murdosa', 'segaarv']","['murtoluku', 'murto-osa', 'pykälä', 'osio']","['breuk', 'sectie', 'paragraaf']",['भिन्न'],part,"['frazione', 'sezione', 'articolo']"
"['plaine', 'champ']","['Ebene', 'Acker', 'Feld', 'Anbaufläche', 'Ackergrund', 'landwirtschaftliche Nutzfläche', 'Ackerland', 'Weide', 'Esch', 'Flur', 'Weideland', 'Trade']","['поле', 'равнина', 'равни́на', 'по́ле', 'па́стбище']","['plain', 'champaign', 'field', 'acre']","['平野', '平原', '田', '英畝', '英亩', '田野', '旱田', '野外']","['llanura', 'planicie', 'llano', 'campo', 'campaña', 'llanuras', 'planada', 'plana', 'labrantío', 'sembradío', 'terreno']","['平野', '平地', '畑', '耕地']","['평야', '평지', '밭']","['tasandik', 'põld', 'nurm', 'väli']","['tasanko', 'tasamaa', 'aukea', 'lakeus', 'pelto', 'vainio', 'laidun']","['vlakte', 'laagvlakte', 'vlak', 'veld', 'akkerland', 'land', 'akker', 'landbouwgrond', 'wei', 'weide', 'weiland']","['मैदान', 'क्षेत्र', 'खेत']",field,"['pianura', 'campo', 'campagna']"
"['danse', 'danser']","['Tanz', 'Tanzen']","['танец', 'пляс', 'та́нец', 'пля́ска']","['dance', 'dancing', 'saltation', 'terpsichore']","['舞蹈', '跳舞']","['danza', 'baile']","['ダンス', '踊り', '舞踊']","['춤', '댄스']",['tants'],"['tanssi', 'tanssiminen']","['dans', 'dansen']","['नृत्य', 'नाच']",dance,"['danza', 'ballo', 'ballare', 'danzare']"
['mot'],['Wort'],['слово'],['word'],"['詞', '词', '單詞', '单词', '字词']","['palabra', 'vocablo']","['言葉', '単語', '語']",['낱말'],['sõna'],['sana'],['woord'],"['शब्द', 'बात']",word,"['parola', 'termine', 'suono', 'vocabolo']"
"['paire', 'couple', ""vapeur d'eau"", 'vapeur', 'buée']","['Paar', 'geordnetes Paar', 'Wasserdampf', 'Dampf', 'Nassdampf']","['пара', 'па́ра', 'упорядоченная пара', 'пар', 'водяной пар']","['pair', 'brace', 'ordered pair', 'water vapour', 'water vapor', 'steam']","['雙', '一對', '有序对', '双', '對', '对', '一对', '汽', '蒸汽', '水蒸气', '水蒸氣', '水气', '蒸气', '水汽']","['par', 'par ordenado', 'vapor de agua', 'vapor']","['一組', '順序対', '対', 'ペア', '一対', '蒸気', '湯気', '水蒸気', 'スチーム']","['켤레', '순서쌍', '한쌍', '페어', '증기', '김']","['Järjestatud paar', 'järjestatud paar', 'paar', 'aur']","['järjestetty pari', 'pari', 'höyry', 'vesihöyry']","['koppel', 'tweetal', 'paar', 'duo', 'waterdamp', 'stoom', 'kwalm', 'stomen', 'damp']","['क्रमित युग्म', 'जोड़ा', 'भाप', 'वाष्प']",pair,"['coppia', 'coppia ordinata', 'paio', 'vapore', 'vapore acqueo', 'vapor acqueo', 'fumo']"
"['mille', 'mil']","['Tausend', 'tausend']","['тысяча', 'ты́сяча']","['one thousand', 'K', 'G', 'chiliad', 'yard', 'M', 'grand', 'thou', 'thousand']",['千'],"['un mil', 'mil', 'chiliad', 'millar']",['千'],['천'],"['Tuhat', 'tuhat']","['tuhat', 'K', 'G', 'M', 'jaardi', 'tuhat dollaria', 'yksi tuhat', 'tuhatluku']","['duizend', 'Chiliad', 'duizendvoud', 'chiliade', 'mille', 'duizendtal', 'gij']","['सहस्र', 'सहास', 'हज़ार']",thousand,"['mille', 'migliaio', 'M']"
['nord'],['Norden'],['север'],"['northward', 'N', 'north', 'due north']","['北', '北方']",['norte'],['北'],['북쪽'],['põhi'],"['pohjoinen', 'suoraan pohjoiseen', 'N']","['noord', 'noorden']","['उत्तर', 'उत्तर दिशा']",north,"['nord', 'settentrione', 'mezzanotte', 'tramontana']"
"['voiture', 'bagnole', 'automobile', 'auto', 'char', 'machinerie', 'mécanisme', 'parc de machines', 'machines', 'Machinery']","['Auto', 'Wagen', 'Automobil', 'Pkw', 'Personenwagen', 'Kraftfahrzeug', 'PKW', 'Personenkraftwagen', 'Kraftwagen', 'Maschinenanlage', 'Maschinerie', 'Machinery', 'maschinelle Ausrüstung', 'mechanisches Gerät']","['машина', 'автомобиль', 'маши́на', 'мото́р', 'авто́', 'та́чка', 'автомоби́ль', 'автомаши́на', 'машины и оборудование', 'обору́дование', 'маши́ны']","['car', 'automobile', 'machine', 'auto', 'motorcar', 'motor car', 'machinery', 'mechanism', 'Machinery', 'mechanical device']","['汽车', '車', '车', '汽車', '机动车', '機動車', '机器', '机械', '机械装置']","['carro', 'coche', 'automóvil', 'auto', 'vehículo', 'máquina', 'turismo', 'maquinaria', 'Machinery', 'máquinas']","['自動車', '車', '四輪車', '乗用車', '機械']","['자동차', '사륜차', '승용차', '차', '승용자동차']","['auto', 'automobiil', 'masin', 'masinad', 'mehhanismid']","['auto', 'henkilöauto', 'automobiili', 'moottoriajoneuvo', 'ajoneuvo', 'koneisto', 'kone', 'koneet']","['auto', 'automobiel', 'kar', 'wagen', 'motorrijtuig', 'machine', 'mechanisme', 'machinery', 'machinepark', 'mechanisch apparaat', 'machinerie']","['गाड़ी', 'कार', 'मोटरकार', 'ऑटोमोबाइल', 'मोटर', 'मोटरवाहन', 'मोटर-गाड़ी', 'मोटरगाड़ी', 'वाहन', 'मशीनरी']",machine,"['autoveicolo', 'auto', 'autovettura', 'automobile', 'macchina', 'vettura', 'macchinario', 'Machinery', 'apparato']"
"['attitude', 'disposition', ""état d'esprit"", 'prédisposition', 'propension', 'pente', 'tendance', 'inclination', 'penchant']","['Einstellung', 'Neigung', 'Tendenz', 'Hang', 'Disposition']","['позиция', 'установка', 'тенденция', 'склонность', 'предрасположенность', 'предрасположенность к болезни']","['disposition', 'attitude', 'mental attitude', 'penchant', 'predilection', 'tendency', 'aptness', 'inclination', 'propensity', 'proclivity', 'proneness', 'predisposition']","['態度', '态度', '性情', '倾向', '禀性', '意向']","['actitud', 'disposición', 'postura', 'predilección', 'inclinación', 'tendencia', 'proclividad', 'propensión', 'predisposición']","['態度', '根性論', '性向']","['태도', '기질']",['Dispositsioon'],"['asenne', 'Asenne', 'mielipide', 'näkökanta', 'käsitys', 'kanta', 'taipumus', 'tendenssi', 'luonteenlaatu', 'viettymys', 'suuntaus']","['zienswijze', 'instelling', 'attitude', 'opvatting', 'gedragslijn', 'habitus', 'gedraging', 'opstelling', 'houding', 'neiging', 'tendens', 'Dispositie', 'dispositie', 'geneigdheid', 'aandrift', 'inclinatie', 'aandrang']",['अभिवृत्ति'],position,"['atteggiamento', 'punto di vista', 'attitudine', 'posizione', 'propensione', 'inclinazione', 'predilezione', 'tendenza', 'disposizione']"
"['camaraderie', 'amitié', 'ami', 'amie']","['Kameradschaft', 'Freundschaft', 'Freund', 'Freundin']","['друг', 'дружба']","['camaraderie', 'comradeship', 'comradery', 'chumminess', 'comradeliness', 'friendship', 'friendly relationship', 'friend']","['友情', '友爱', '友谊', '朋友', '友人']","['camaradería', 'amistad', 'relación amistosa', 'amigo', 'amiga', 'camarada']","['友情', '交際', '友達', '友人']",['우정'],['sõprus'],"['ystävyys', 'ystävyyssuhde', 'ystävä']","['kameraadschap', 'vriendschap', 'vriendschapsband', 'vriendschappelijkheid', 'vriendschapsbanden', 'maat', 'gabber', 'vriend', 'compagnon', 'makker', 'kameraad', 'amice', 'vriendin', 'gezel', 'vrind', 'kornuit', 'deelgenoot', 'kompaan']",['मित्रता'],friend,"['cameratismo', 'amicizia', 'amistà', 'amico']"
"['noir', 'couleur', 'teinte', 'teint']","['Farbe', 'Schwarz', 'Teint', 'Gesichtsfarbe']","['цвет', 'чёрный']","['black', 'color', 'coloring', 'colouring', 'complexion', 'colour', 'lists of colors']","['黑色', '颜色', '顏色', '烏黑色', '色', '乌', '乌黑色', '烏', '詳細顏色列表']","['negra', 'color', 'tez', 'negro', 'coloración', 'colorido']","['黒', '色', 'くろ', 'ワインの色']","['검정', '검은색', '색깔', '색']","['must', 'värv', 'värvus', 'Värvuste loendid']","['väri', 'musta', 'väritys']","['gelaatskleur', 'teint', 'zwart', 'kleur', 'kleurtje']","['रंग', 'काला']",color,"['colore', 'carnagione', 'nero', 'colorazione']"
"['panorama', 'vue', 'type', 'sorte', 'acabit', 'genre', 'forme', 'aspect', 'face', 'facette']","['Panoramabild', 'Aussicht', 'Sorte', 'Art', 'Facette', 'Fassette']","['вид', 'панорама', 'panorama', 'тип', 'разнообра́зие', 'разнови́дность', 'род', 'сорт', 'сторона', 'грань', 'аспе́кт']","['view', 'aspect', 'vista', 'panorama', 'scene', 'prospect', 'kind', 'sort', 'form', 'variety', 'facet', 'side']","['全景图', '全景', '景色', '观点', 'panorama', '類', '类', '方面', '面']","['panorama', 'imagen panorámica', 'vista', 'aspecto', 'escena', 'perspectiva', 'tipo', 'clase', 'forma', 'género', 'especie', 'faceta']","['パノラマ写真', 'panorama', '種類', '様相']","['파노라마', 'panorama', '종류', '양상']","['panoraam', 'panorama', 'sort', 'tõug', 'liik']","['panoraamakuva', 'mielikuva', 'tulevaisuudennäkymä', 'maisema', 'näkymä', 'näköala', 'yleisnäkymä', 'näkökulma', 'panorama', 'luokka', 'moninaisuus', 'laji', 'laatu', 'tyyppi', '-lainen', 'monimuotoisuus', 'valikoima', 'puoli', 'aspekti', 'ominaisuus', 'näkökohta', 'näkökanta']","['panorama', 'uitzicht', 'vergezicht', 'straatbeeld', 'vooruitzicht', 'soort', 'type', 'ras', 'genre', 'categorie', 'aard', 'aspect', 'facet']","['panorama', 'प्रकार', 'तरह']",kind,"['panoramica', 'visuale', 'scena', 'visione', 'prospetto', 'vista', 'classe', 'tipo', 'genere', 'modello', 'ordine', 'sorta', 'qualità', 'carattere', 'natura', 'specie', 'fatta', 'forma', 'razza', 'aspetto', 'sfaccettatura', 'faccia', 'lato']"
"['juge', 'arbitre', 'officiel', 'arbitre de tennis', 'Officiel', 'arbitre de basket-ball']","['Richter', 'Schiedsrichter', 'Offizieller', 'American-Football-Schiedsrichter', 'Basketballschiedsrichter', 'Schiedsrichter beim Tennis']","['судья', 'судья в американском футболе', 'судья в канадском футболе', 'хоккейный судья', 'офишел', 'баскетбольный судья', 'теннисный судья']","['judge', 'jurist', 'justice', 'referee', 'umpire', 'official', 'tennis official', 'basketball official', 'tennis umpire']","['法官', '推事', '裁判官', '網球賽事委員會']","['jueza', 'juez', 'magistrado', 'togado', 'árbitro', 'árbitro de tenis', 'árbitro de baloncesto', 'árbitro de hockey sobre hielo', 'árbitro de fútbol americano', 'jueces', 'árbitro de fútbol canadiense']","['裁判官', 'レフリー', 'テニス審判員', '審判員', '審判']","['판사', '법관', '심판']","['kohtunik', 'vahekohtunik', 'korvpallikohtunik', 'tennisekohtunik']","['tuomari', 'juristi', 'lakimies', 'erotuomari', 'koripallotuomari', 'toimitsija', 'tennistuomari', 'jääkiekkotuomari']","['rechter', 'kenner', 'scheidsrechter', 'basketbalscheidsrechter', 'official', 'ijshockey-scheidsrechter', 'tennisscheidsrechter', 'staatsambtenaar', 'officiaal']","['न्यायाधीश', 'न्यायधीश', 'रेफ्री']",judge,"['giùdice', 'giudice', 'pretore', 'magistrato', 'arbitro', 'arbitro di pallacanestro', 'arbitro di hockey su ghiaccio']"
"['académie', 'université', 'école', 'collège']","['Uni', 'Universität', 'Akademie', 'Schule']","['школа', 'университет', 'шко́ла', 'учи́лище']","['school', 'university', 'academy']","['大學', '大学', '学堂', '学校', '學堂', '學校']","['universidad', 'academia', 'escuela', 'colegio', 'centro docente', 'instituto']","['大学', '学校', '学び舎']","['대학교', '학교']","['ülikool', 'kool']","['yliopisto', 'koulu']","['universiteit', 'academie', 'school']","['विश्वविद्यालय', 'विद्यालय', 'स्कूल', 'पाठशाला', 'मद्रसा']",school,"['università', 'accademia', 'scuola', 'istituto']"
"['modèle', 'schéma', 'structure', 'construction']","['Modell', 'Struktur']","['структура', 'модель', 'структу́ра']","['model', 'construction', 'structure']","['結構', '结构', '组织']","['modelo', 'maqueta', 'estructura', 'construcción']","['構造', '構成']","['구조', '구성']","['mudel', 'struktuur']","['malli', 'rakenne', 'rakennelma']","['model', 'structuur', 'bouwwerk']",['संरचना'],structure,"['modello', 'struttura', 'costruzione']"
"['cravate', 'match nul']","['Krawatte', 'Schlips', 'Unentschieden']","['галстук', 'га́лстук', 'ничья']","['necktie', 'tie']","['領帶', '领带', '平局', '平分']","['corbata', 'empate']","['ネクタイ', '引き分け']","['넥타이', '갈쓰뚝', '무승부']","['lips', 'Viik', 'viik']","['solmio', 'kravatti', 'Solmio', 'Tasatilanne', 'tasapeli']","['stropdas', 'das', 'strop', 'gelijkspel']","['नेकटाई', 'टाई']",tie,"['cravatta', 'pareggio']"
"['face', 'figure', 'visage']","['Visage', 'Angesicht', 'Antlitz', 'Gesicht']","['лицо', 'обли́чье', 'лик', 'лицо́', 'физионо́мия']","['face', 'human face']","['臉', '脸', '面', '面孔', '人类的脸', '颜']","['rostro', 'cara', 'jeta', 'faz', 'rostro humano']","['顔', '面']",['얼굴'],"['nägu', 'Nägu']","['naama', 'kasvot', 'pärstä']","['tronie', 'smoel', 'aangezicht', 'gelaat', 'gezicht', 'snoet', 'fieselefacie', 'bakkes', 'porem', 'snufferd', 'ponem', 'facie', 'snuit', 'smoelwerk', 'fieselemie', 'aanschijn', 'toetje', 'postzegel', 'toet']","['चेहरा', 'मुखड़ा', 'मुख']",face,"['viso', 'faccia', 'volto']"
"['pont', 'liste de ponts romains', 'passerelle']","['Brücke', 'Liste römischer Brücken']",['мост'],"['bridge', 'span', 'list of Roman bridges']","['橋', '桥', '桥梁']","['puente', 'bóveda']","['はし', '橋']","['다리', '교량']",['sild'],['silta'],"['brug', 'lijst van Romeinse bruggen']",['सेतु'],bridge,"['ponte', 'ponti romani']"
"['classe', 'cours', 'programme scolaire', 'groupe', 'catégorie', 'famille']","['Klasse', 'Kurs', 'Gruppe', 'Kategorie']","['группа', 'класс', 'курс', 'разря́д', 'катего́рия']","['class', 'course of study', 'course of instruction', 'course', 'group', 'grouping', 'family', 'category']","['課程', '课', '课程', '范畴', '類別', '範疇', '类', '类别', '類', '分类', '種類', '种类', '分類']","['curso', 'clase', 'asignatura', 'grupo', 'agrupación', 'colectivo', 'categoría', 'familia']","['級', '学級', 'クラス', '講座', '部門', '範疇', '分類', '種類', 'カテゴリ', '種別', '等級']","['분류', '종류', '클래스', '등급', '범주']","['klass', 'kursus', 'rühm', 'kategooria']","['luokka', 'kurssi', 'opintojakso', 'oppitunnit', 'opetusjakso', 'ryhmä', 'ryhmittymä', 'joukko', 'Luokka', 'kategoria']","['klas', 'cursus', 'leergang', 'groep', 'partij', 'klasse', 'categorie', 'laag']","['श्रेणी', 'वर्ग']",group,"['classe', 'corso', 'scuola', 'gruppo', 'novero', 'categoria', 'ceto', 'genere', 'famiglia', 'ordine']"
"['bâtiment', 'bâtiment public', 'édifice', 'immeuble', 'maison', 'domicile', 'habitation', 'résidence', 'logement', 'foyer', 'demeure']","['Gebäude', 'öffentliches Gebäude', 'Bauwerk', 'Bau', 'Haus', 'Zuhause', 'Heim', 'Domizil', 'Nest', 'Behausung', 'Elternhaus', 'Wohnsitz', 'Wohnhaus', 'Wohnung', 'Wohnstätte']","['дом', 'здание', 'постройка', 'общественное здание', 'зда́ние', 'постро́йка', 'строе́ние', 'жилище', 'место жительства', 'резиде́нция', 'жильё', 'местожи́тельство', 'жили́ще', 'ме́сто жи́тельства']","['building', 'public building', 'edifice', 'house', 'home', 'dwelling', 'habitation', 'dwelling house', 'abode', 'domicile', 'Flotten, Hemmet och Sandlådan', 'residence']","['建筑物', '建築物', '大建筑物', '房屋', '大厦', '更常指大而气派的建筑', '建筑', '大廈', '建築', '家屋', '住宅', '家', '房子', '居所', '住所', '住处']","['edificación', 'edificio', 'edificio público', 'casa', 'inmueble', 'edificios', 'construcción', 'hogar', 'residencia', 'morada', 'alojamiento', 'domicilio', 'habitáculo', 'vivienda', 'vasa', 'habitación', 'piso']","['建物', 'ビル', '建築物', '建屋', '家', '家屋', '住宅', '実家', '住居', '居留', '故郷', '住所']","['건물', '건축물', '빌딩', '집', '주거', '거류', '주택']","['ehitus', 'ehitis', 'hoone', 'maja', 'sünnikodu']","['julkinen rakennus', 'rakennus', 'rakennelma', 'talo', 'lapsuudenkoti', 'kotiosoite', 'asuinpaikka', 'asunto', 'kotitalo', 'kotipaikka', 'asuinrakennus', 'koti', 'asumus', 'paikka', 'kämppä']","['gebouw', 'openbaar gebouw', 'bouwwerk', 'pand', 'huis', 'bouwen', 'perceel', 'bouw', 'denkkader', 'constructie', 'optrekje', 'woning', 'onderdak', 'woonplaats', 'verblijf', 'domicilie', 'woonhuis', 'huisje', 'tehuis', 'honk', 'home', 'thuis', 'woonadres', 'huisvesting', 'woonst', 'residentie', 'heem', 'behuizing', 'woongelegenheid', 'woonruimte']","['इमारत', 'निर्माण', 'बिल्डिंग', 'भवन', 'घर', 'मकान', 'जन्मभूमि', 'गृह']",house,"['fabbricato', 'edificio', 'edificio pubblico', 'stabile', 'costruzione', 'locale', 'palazzo', 'edificazione', 'casa', 'domicilio', 'abitazione', 'dimora', 'residenza', 'magione']"
"['Soleil', 'soleil']",['Sonne'],"['солнце', 'Со́лнце']","['sun', 'Sun']","['日头', '太阳', '日', '日頭', '太陽']","['Sol', 'sol']","['ひ', '日', '太陽']","['태양', '해', '일']","['Päike', 'päike']","['Aurinko', 'aurinko']","['zon', 'koperen ploert', 'Zon', 'zonnetje']","['सूरज', 'दिनकर', 'भानु', 'आदित्य', 'ख़्वुरशेद', 'खुरशीद', 'सूर्य', 'शम्स', 'रवि']",sun,"['sole', 'Sole']"
['rencontre'],['Besprechung'],"['собрание', 'митинг']","['meeting', 'group meeting', 'rally']","['會議', '會面']","['reunión', 'concurrentes', 'reunión grupal', 'concurrencia']",['会議'],['회의'],"['Koosolek', 'koosolek']","['kokous', 'ryhmäkokous', 'palaveri']","['bijeenkomst', 'vergadering', 'beraadslaging', 'overleg', 'conventie', 'convent', 'beraadslagingen']",['बैठक'],meeting,"['riunione', 'meeting', 'convocazione', 'adunanza', 'assemblea', 'convegno', 'consulta', 'consesso']"
"['développement historique', 'histoire', 'mode narratif', 'narration', 'conte', 'récit', 'technique littéraire', 'point de vue narratif']","['Geschichte', 'historische Entwicklung', 'Geschichtswissenschaft', 'Erzählung', 'Erzählperspektive', 'Erzählweise', 'literarisches Stilmittel']","['история', 'исто́рия', 'наррация', 'литературный приём', 'по́весть', 'режим повествования', 'повествовательная точка зрения', 'нарратив', 'расска́з']","['historical development', 'history', 'story', 'tale', 'narrative', 'narration', 'narrative point of view', 'literary technique', 'narrative mode']","['歷史', '历史', '歷史學', '历史学', '故事', '敘事模式', '文學技巧', '叙述']","['historia', 'relato', 'narración', 'técnica literaria', 'crónica', 'técnica narrativa', 'punto de vista narrativo', 'cuento', 'narrativa']","['歴史', '沿革', '文芸の技法', '物語', '話', 'ナレーション', '小説', 'ストーリー']","['역사', '사학', '스토리', '이야기', '소설', '시점', '문학 기법', '서술']","['ajalugu', 'narratiiv', 'lugu']","['historia', 'historiantutkimus', 'tarina', 'selostus', 'kertomus', 'kerronta', 'juttu']","['geschiedenis', 'verhaal', 'vertelling', 'literaire techniek', 'vertelperspectief', 'verhalende stijl', 'vertelsel', 'verhalend', 'vertelde', 'vertellen']","['इतिहास', 'तारीख़', 'कहानी']",history,"['storia', 'narrativa', 'punto di vista', 'narrazione', 'racconto', 'tecnica letteraria', 'punto di vista narrativo', 'vicenda', 'tecnica narrativa', 'testo narrativo', 'aneddoto']"
"['vallée', 'val']","['Tal', 'Senke']","['долина', 'доли́на']","['valley', 'dale', 'vale']","['溪谷', '山谷', '谷地']","['dolina', 'valle', 'val']",['谷'],"['골짜기', '계곡']",['org'],['laakso'],"['dal', 'vallei']","['घाटी - पर्वतों या उत्थित भागों के बीच निचली ज़मीन वाला हिस्सा, लम्बाई में विस्तार वाला', 'घाटी', 'वादी']",valley,"['valle', 'vallata', 'conca']"
"['carré', 'carré en je broertjte']","['Quadrat', 'Quadrat en je zusje']","['квадрат', 'квадра́т']","['square', 'foursquare', 'second power']","['正方形', '平方', '二次幂']","['cuadrado', 'cuadro', 'cuadrado perfecto']","['正方形', '自乗', '平方', '二乗, nijō']","['정사각형', '평방']","['ruut', 'Ruut']","['neliö', 'nelikulmio', 'Neliö', 'toinen potenssi']","['vierkant', 'carré', 'kwadraat', 'tweede macht']",['वर्गाकार'],square,['quadrato']
"['sud', 'midi']",['Süden'],['юг'],"['southward', 'due south', 'south', 'S']","['南', '南方']","['sur', 'sud']",['南'],['남쪽'],"['Lõuna', 'lõuna']","['etelä', 'S', 'suoraan etelään']","['zuid', 'zuiden']",['दक्षिण'],south,"['sud', 'meridione', 'mezzogiorno', 'austro']"
"['agglomération urbaine', 'métropole', 'ville', 'cité', 'grande-ville', 'bourgade', 'bourg']","['Metropole', 'Stadt', 'Großstadt', 'Weltstadt', 'Stadtsiedlung', 'Kleinstadt', 'Bourg']","['город', 'метрополия', 'центр', 'мегаполис', 'го́род', 'метропо́лия', 'мегапо́лис', 'град', 'метрополис', 'малый город', 'бург']","['city', 'urban center', 'metropolis', 'city/town', 'town', 'large village']","['城市', '城', '都市', '大都市', '城市/城镇', '市', '大城市', '大都会', '大都會', '大型村落', '鄉鎮', '镇', '城镇']","['área metropolitana', 'zona metropolitana', 'ciudad', 'aglomeración urbana', 'metrópolis', 'metrópoli', 'ciudad/pueblo', 'urbe', 'capital', 'villa', 'pueblo', 'población']","['主要都市', '都市', '都市・街', 'メトロポリス', '町', '大都市', '大都会', '都会', '市', '街']","['시내', '도시', '시', '메트로폴리스', '대도시', '마을']","['linn', 'pealinn', 'suurlinn', 'Suurlinn']","['kaupunki', 'suurkaupunki', 'metropoli', 'kaupunkikeskus', 'pikkukaupunki']","['stad', 'wereldstad', 'grootstad', 'metropool', 'moederstad', 'town', 'middelgrote plaats of stadje', 'plaats', 'gemeente']","['शहर', 'नगर', 'बड़ा शहर']",city,"['città', 'metropoli', 'città o paese', 'urbe', 'centro urbano', 'cittadina', 'grosso paese', 'paese']"
"['langue', 'langage', 'langage humain']","['Zunge', 'Sprache', 'menschliche Sprache', 'Einzelsprache']","['язык', 'язы́к', 'речь']","['language', 'human language', 'linguistic communication', 'tongue', 'glossa', 'clapper', 'lingua', 'muscle of tongue']","['語言', '语言', '言语', '言語', '话', '話', '舌', '舌头', '舌頭']","['lengua', 'idioma', 'lenguaje', 'comunicación lingüística']","['言語', '個別言語', '言葉', '舌', 'べろ', '舌筋']","['언어', '말', '개개의 언어', '혀']",['keel'],"['kieli', 'kielellinen kommunikaatio', 'iltti']","['taal', 'spraak', 'tong']","['ज़बान', 'भाषा', 'ज़ुबान', 'भासा', 'लिसान', 'भाष', 'वाणी', 'भाखा', 'बोली', 'जीभ', 'जिह्वा', 'रसना']",language,"['lingua', 'linguaggio', 'idioma']"
"['vitesse', 'vélocité', 'vecteur vitesse', 'Vitesse', 'rapidité', 'taux']","['Geschwindigkeit', 'Schnelligkeit', 'Geschwindigkeitsvektor', 'Rate']","['скорость', 'ско́рость', 'скорость движения', 'темп']","['velocity', 'speed', 'fastness', 'swiftness', 'rate', 'ratio']","['速率', '速度', '率']","['velocidad', 'rapidez', 'celeridad', 'índice', 'tasa', 'ritmo']","['速度', '速さ', '割合', '年収', '月給', '時給', '日給']","['빠르기', '속도', '속력', '비율']","['kiirus', 'Keskmine kiirus', 'keskmine kiirus', 'muutumiskiirus']","['nopeus', 'vauhti', 'vauhdikkuus', 'tahti', 'tuntipalkka']","['snelheid', 'vaart', 'gezwindheid', 'vlugheid', 'grootte van de snelheid', 'gang', 'vaartje', 'gangetje', 'tempo', 'ratio', 'graad', 'tarief']","['वेग', 'चाल']",speed,"['velocità', 'celerità', 'speditezza', 'andatura', 'tasso', 'ritmo']"
"['Terre', 'monde', 'Monde', 'terre', 'pays', 'État du Mexique', 'état', 'contrée', 'État', 'humanité', 'genre humain', 'race humaine', 'territoire', 'terre ferme', 'plancher des vaches', 'sol']","['Welt', 'Blauer Planet', 'Erde', 'Erdkugel', 'Weltkugel', 'Staat', 'Nation', 'Nationalstaat', 'Land', 'Bundesland', 'Vaterland', 'Bundesstaat in Mexiko', 'Menschheit', 'Festland', 'Grund', 'Erdboden', 'Boden', 'Länder', 'fester Boden']","['земля', 'Земля́', 'земля́', 'штат', 'госуда́рство', 'страна', 'префекту́ра', 'край', 'прови́нция', 'держа́ва', 'штат Мексики', 'страна́', 'о́бласть', 'мир', 'челове́чество', 'суша', 'су́ша', 'зе́мли', 'грунт']","['Blue Planet', 'Earth', 'earth', 'globe', 'world', 'World', 'Globe', 'state', 'nation', 'country', 'sovereign state', 'land', 'state of Mexico', 'humanity', 'man', 'mankind', 'humankind', 'humans', 'human beings', 'human race', 'ground', 'terra firma', 'solid ground', 'dry land', 'land mass']","['地球', '大地', '世界', '國家', '国家', '州份', '州', '邦', '墨西哥州份', '人类', '人類', '陸地', '地', '土地', '陆地', '地面', '泥土', '壤', '土']","['Tierra', 'tierra', 'globo terrestre', 'globo', 'mundo', 'globo terráqueo', 'Planeta Tierra', 'nuestro planeta', 'Mundo', 'el planeta', 'estado', 'país', 'nación', 'estado soberano', 'estado de México', 'humanidad', 'raza humana', 'género humano', 'especie humana', 'hombre', 'territorio', 'terreno', 'tierra firme', 'suelo']","['地球', 'アース', '国', '国家', '州', 'メキシコの州', '人類', '人間', '世界', '地', '地面', '土地', '大地', '土', '陸地']","['지구', '나라', '멕시코의 주', '국가', '주', '국토', '인류', '세계', '땅', '육지', '륙지', '대지', '뭍', '토지']","['Maa', 'maakera', 'maa', 'liidumaa', 'osariik', 'riik', 'maailm', 'maismaa']","['Maa', 'maa', 'maapallo', 'maailma', 'valtio', 'osavaltio', 'Meksikon osavaltiot', 'ihmiskunta', 'ihmiset', 'maanpinta', 'kuiva maa', 'multa']","['Aarde', 'wereldbol', 'aardrijk', 'ondermaanse', 'wereld', 'aardkloot', 'aardbol', 'aarde', 'land', 'natie', 'staat', 'staat van Mexico', 'mensheid', 'mens', 'mensdom', 'mensengeslacht', 'droge land', 'vaste grond', 'grond', 'bodem', 'vasteland', 'teelaarde', 'omgeving']","['जमीन', 'ज़मीन', 'भू', 'क्षिति', 'क्षोणी', 'भूलोक', 'पृथ्वी', 'भूमि', 'धर्ती', 'देश', 'राज्य', 'प्रदेश', 'राष्ट्र', 'स्टेट', 'जगत', 'जग', 'आलम', 'मानवता', 'दुनिया', 'लोक', 'सरजमीन', 'धरती', 'भूतल']",ground,"['Terra', 'globo terrestre', 'terra', 'mondo', 'globo', 'globo terracqueo', 'Globo', 'Pianeta Terra', 'Mondo', 'paese', 'nazione', 'patria', 'stato', 'Stati federati del Messico', 'Paese', 'umanità', 'uomo', 'genere umano', ""collettivita' umana"", 'gente', 'società', 'razza umana', 'territorio', 'terraferma', 'superficie', 'suolo', 'terra ferma', 'continente', 'terreno']"
"['effort', 'huile de coude', 'Huile de coude', 'dépense', 'essai', 'tentative']","['Anstrengung', 'Aufwand', 'Kraftanstrengung', 'Spucke', 'Mühe', 'Ausübung', 'Betätigung', 'Strapaze', 'Streben', 'Gelenkschmiere', 'Belastung', 'Anspannung', 'Versuch']","['попытка', 'уси́лие', 'усилие']","['exertion', 'effort', 'physical effort', 'elbow grease', 'sweat', 'travail', 'try', 'attempt', 'endeavor', 'endeavour']","['苦幹', '賣力氣的活', 'Elbow grease', '苦干', '竭尽全力', '卖力气的活', '苦力', '努力', '力图', '尝试', '尽力']","['esfuerzo', 'desvelo', 'afán', 'dedicación', 'intento', 'tentativa', 'conato', 'deber']",['努力'],"['elbow grease', '노력']","['pingutus', 'elbow grease', 'Pingutus', 'rügamine']","['ponnistus', 'jynssäys', 'uurastus', 'raadanta', 'vaivannäkö', 'kova työ', 'yritys', 'pyrkimys']","['krachtsinspanning', 'inspanning', 'poging', 'probeersel', 'wagen', 'onderneming', 'ijveren']",['प्रयत्न'],attempt,"['fatica', 'sforzo', 'olio di gomito', 'sudata', 'tentativo', 'prova', 'impresa']"
['queue'],['Schwanz'],['хвост'],['tail'],"['尾巴', '尾子', '尾']",['cola'],"['尾', '尻尾']",['꼬리'],['saba'],"['pyrstö', 'häntä']",['staart'],"['दुम', 'पूंछ', 'पूँछ', 'पुच्छ']",tail,['coda']
"['maman', 'maternité', 'mère']","['Mutter', 'Mutterschaft']","['мать', 'материнство']","['mother', 'female parent', 'motherhood']","['母親', '娘', '母', '妈妈', '母亲']","['madre', 'maternidad', 'mamá', 'progenitora']",['母親'],['어머니'],['ema'],"['äiti', 'äitiys', 'naispuolinen vanhempi']","['moeder', 'moederschap', 'moes', 'moesje', 'moederlief', 'mam', 'mama', 'ma', 'mammie', 'moe']",['माता'],mother,"['maternità', 'madre', 'mamma', 'genitrice']"
"['levant', 'est', 'orient']","['Ost', 'Osten']","['восток', 'восто́к', 'восхо́д', 'ост']","['E', 'eastward', 'east', 'due east']","['東方', '東', '东方', '东']","['este', 'levante', 'oriente']","['東', '東方']","['동쪽', '새', '동']","['idakaar', 'ida', 'Ida']","['itä', 'I']","['oosten', 'oost']","['पूर्व', 'पूरब', 'पूर्वा', 'मशरिक', 'पूब', 'शर्क']",east,"['oriente', 'est', 'levante', 'E']"
"['langue', 'langage', 'langage humain', 'langage parlé', 'langue parlée', 'parole']","['Zunge', 'Sprache', 'menschliche Sprache', 'Einzelsprache', 'gesprochene Sprache', 'Sprechen', 'Gesprochene Sprache']","['речь', 'язык', 'язы́к', 'устная речь', 'говорение']","['language', 'human language', 'linguistic communication', 'spoken language', 'speech', 'oral communication', 'spoken communication', 'voice communication', 'speech communication']","['語言', '语言', '言语', '言語', '话', '話', '口語', '口语', '說話']","['lengua', 'idioma', 'lenguaje', 'comunicación lingüística', 'lengua hablada', 'habla', 'lenguaje oral', 'comunicación oral', 'comunicación verbal', 'lenguaje verbal']","['言語', '個別言語', '言葉', '口語', '音声', '音声言語', '口頭言語']","['언어', '말', '개개의 언어', '말하기', '랑그와 파롤', '구어']","['keel', 'Kõne', 'Suuline keel', 'suuline keel', 'kõne']","['kieli', 'kielellinen kommunikaatio', 'puhe', 'puhekieli', 'ääniviestintä', 'puheviestintä', 'puhuttu kieli', 'puhuminen', 'suullinen viestintä']","['taal', 'spraak', 'tong', 'spreektaal', 'gesproken taal']","['ज़बान', 'भाषा', 'ज़ुबान', 'भासा', 'लिसान', 'भाष', 'वाणी', 'भाखा', 'बोली', 'vani', 'बोलना']",speech,"['lingua', 'linguaggio', 'idioma', 'lingua parlata', 'parlare', 'parlata']"
"['mineur', 'frite', 'gosse', 'enfant', 'pomme frite', 'jeune', 'responsabilité pénale des mineurs', 'nourrisson', 'nourisson', 'bébé', 'enfant en bas âge', 'poupon', 'enfants']","['Minderjährige', 'Kind', 'Jugendliche', 'minderjährigkeit', 'Minderjährigkeit', 'Baby', 'Säugling', 'Kleinkind', 'kleines Kind', 'Wickelkind', 'Kriechling', 'Kinder']","['ребенок', 'несовершеннолетний', 'ребёнок', 'младенец', 'дитя', 'малыш', 'крошка', 'малютка', 'младе́нец', 'дитя́']","['fry', 'french fry', 'minor', 'chip', 'child', 'youngster', 'shaver', 'small fry', 'kid', 'nestling', 'tiddler', 'tike', 'tyke', 'nipper', 'baby', 'infaneto', 'infant', 'babe', 'children']","['兒童', '孩儿', '孩', '小孩子', '小孩', '小兒', '孩子', '孩兒', '儿童', '小儿', '未成年人', '婴儿', '嬰兒', '幼儿', '娃娃', '小娃娃', '婴幼儿', '宝宝', '小孩儿', '儿子或女儿', '后代']","['papa frita', 'niña', 'menor de edad', 'menor', 'niño', 'joven', 'infancia', 'minoría de edad', 'jovenzuelo', 'mozalbete', 'chico', 'muchachuelo', 'chiqüelo', 'chiquillo', 'criatura', 'crío', 'chango', 'pececillo', 'cría', 'chaval', 'alevín', 'nene', 'tike', 'bebé', 'niño de pecho', 'niña de pecho', 'infante', 'guagua', 'lactante', 'neonato', 'rorro', 'bebe', 'niños', 'ninzzo', 'hijo', 'hija']","['子', '子供', '未成年者', '赤ちゃん', '赤ん坊', '乳児', '幼児']","['아이', '어린이', '미성년자', '아기', '유아']","['alaealine', 'laps', 'alaealisus', 'väikelaps', 'beebi', 'Imik', 'imik', 'lapsed']","['alaikäinen', 'lapsi', 'vekara', 'pikkumies', 'vintiö', 'napero', 'lapsukainen', 'kersa', 'pentu', 'tenava', 'ipana', 'muksu', 'pikkulapsi', 'pienokainen', 'vauva', 'imeväinen', 'vauvaikä']","['patat', 'kind', 'friet', 'jongere', 'jongeling', 'minderjarige', 'ding', 'baby', 'zuigeling', 'kleintje', 'infant', 'kleine', 'bébé', 'kindje', 'kinderen', 'loot', 'spruit', 'koter']","['नाबालिग', 'बच्चा', 'शिशु']",child,"['minore', 'fanciullo', 'giovane', 'fanciullino', 'bambino', 'moccioso', 'mimmo', 'pargolo', 'bimbo', 'figlio', 'ragazzo', 'marmocchio', 'neonato', 'bambino piccolo', 'bambina', 'bebè', 'piccino', 'fantolino', 'bebé', 'infante', 'piccolo', 'creatura', 'pupo', 'baby', 'lattante', 'poppante', 'bambini', 'bambine', 'figlio piccolo']"
['tour'],['Turm'],"['башня', 'вышка', 'ба́шня']",['tower'],"['塔樓', '塔', '樓臺', '楼台', '楼阁', '塔楼', '樓閣', '塔式建築']",['torre'],"['塔', 'タワー']",['탑'],['torn'],['torni'],['toren'],['बुर्ज'],tower,['torre']
"['homme', 'mec', 'type', 'gars', 'bonhomme']","['Mann', 'Kerl', 'Herr', 'Mannsbild', 'Mannsperson']",['мужчина'],"['male', 'man', 'adult male']","['人', '男人', '男性']","['hombre', 'varón', 'hombre adulto']","['男の人', '男性']","['남자 사람', '남성']",['mees'],"['mies', 'aikuinen mies']","['baas', 'jongen', 'man', 'pief', 'gast', 'heer', 'vent', 'kerel', 'manspersoon', 'mannetje', 'klant', 'broger', 'meneer', 'basserool', 'heerschap', 'mens', 'pik', 'knaap']",['पुरुष'],male,"['uomo', 'maschio']"
"['humain', 'homme', 'être humain', 'Homo', 'homo', 'Homo sapiens sapiens', 'homo sapiens sapiens', 'mec', 'type', 'gars', 'bonhomme', 'mortel', 'personne', ""quelqu'un"", 'individu']","['Mensch', 'Hominid', 'Homo', 'Homo sapiens sapiens', 'Mann', 'Kerl', 'Herr', 'Mannsbild', 'Mannsperson', 'Sterbliche', 'Jemand', 'Person', 'Sterblicher', 'Individuum']","['человек', 'Люди', 'Homo sapiens sapiens', 'люди', 'мужчина', 'ли́чность', 'индивид', 'челове́к', 'личность', 'индиви́дуум', 'персо́на', 'осо́ба', 'физи́ческое лицо́']","['homo', 'human being', 'hominid', 'human', 'man', 'Homo', 'Homo sapiens sapiens', 'male', 'adult male', 'someone', 'mortal', 'individual', 'person', 'somebody', 'soul']","['现代人', '智人', '現代人', '人', '人类', '人類', 'Homo sapiens sapiens', '人屬', '人属', 'Homo sapiens', '男人', '男性', '灵魂', '某人', '个人', '凡人', '个体', '個人']","['ser humano', 'hombre', 'humano', 'Homo', 'Homo sapiens sapiens', 'humanidad', 'humana', 'homo', 'varón', 'hombre adulto', 'ser', 'persona', 'mortal', 'individuo', 'alguno', 'alma', 'alguien']","['人間', 'ホモ・サピエンス・サピエンス', 'ヒト属', 'ヒト', '男の人', '男性', '人', '個人', '者', '方', '人物']","['호모 사피엔스 사피엔스', '사람', '사람속', 'Homo sapiens', '남자 사람', '남성', '분', '인격체', '인']","['inimene', 'Inimene', 'Homo sapiens sapiens', 'mees', 'isik', 'indiviid']","['ihminen', 'ihmiset', 'Homo sapiens sapiens', 'mies', 'aikuinen mies', 'henkilö', 'yksilö', 'luonnollinen henkilö', 'persoona']","['homo sapiens', 'ziel', 'wereldburger', 'mensenkind', 'sterveling', 'mens', 'mensachtige', 'Homo', 'Homo sapiens sapiens', 'baas', 'jongen', 'man', 'pief', 'gast', 'heer', 'vent', 'kerel', 'manspersoon', 'mannetje', 'klant', 'broger', 'meneer', 'basserool', 'heerschap', 'pik', 'knaap', 'iemand', 'persoon', 'individu', 'figuur', 'deze of gene']","['मनुष्य', 'होमो', 'Homo sapiens', 'पुरुष', 'व्यक्ति', 'लोक', 'ज़ात', 'मानव', 'शख़्स', 'जन', 'शख्स', 'आदम', 'मानस']",person,"['uomo', 'essere umano', 'Homo', 'Homo sapiens sapiens', 'umano', 'maschio', 'persona', 'individuo', 'mortale', 'anima', 'singolo', 'soggetto']"
"['organisme', 'autorité', 'agence', 'bureau', 'agence publique', 'ministère', 'office', 'administration fédérale']","['Bureau', 'Autorität', 'Amt', 'Koryphäe', 'Büro', 'Behörde', 'Kontor', 'Bürogebäude']","['офис', 'орган публичной власти', 'аге́нтство', 'правительственный офис', 'о́рган']","['agency', 'authority', 'office', 'federal agency', 'government agency', 'bureau', 'government office', 'business office']","['辦公室', '办公室', '政府机构', '政府機構', '事务所']","['autoridad', 'agencia', 'oficina', 'organismo público', 'oficina gubernamental', 'organismo autónomo', 'departamento']","['オフィス', '事務所', '事務室', '執務室', '官庁', '政府機関']","['사무실', '정부 기관', '관청', '오피스']","['kontor', 'büroo', 'asutus', 'Kontor']","['virka', 'työhuone', 'toimisto', 'virasto', 'viranomainen', 'ministeriö', 'valtion virasto', 'liittovaltion virasto', 'elin', 'laitos', 'taloustoimisto']","['kantoor', 'autoriteit', 'bureau', 'bureel', 'expert', 'agentschap', 'overheidsagentschap', 'dienst', 'overheidsinstelling', 'kantoorgebouw', 'kabinet']","['दफ़्तर', 'कार्यालय', 'एजेंसी', 'प्राधिकार']",office,"['ente', 'organo', 'ufficio', 'agenzia', 'fonte', 'agenzia governativa', 'istituzione', 'uffizio', 'studio']"
"['saison estivale', ""saison d'été"", 'période estivale', 'été']","['Sommersaison', 'Sommerzeit', 'Sommer']","['лето', 'ле́то', 'ле́тнее вре́мя года', 'ле́тний сезо́н']","['summertime', 'summer season', 'summer']","['夏季', '夏', '夏天']","['estación veraniega', 'estación estival', 'estación de verano', 'verano', 'estío']","['夏', '夏時']",['여름'],['suvi'],"['kesä', 'kesäaika']","['zomer', 'zomerseizoen', 'zomertijd']",['ग्रीष्म ऋतु'],summer,"['stagione estiva', 'estate']"
