word_original,synset,senses,original_definitions,clozes,clozes_with_start_of_word,definitions_wo_ref
angle,bn:00004117n,"['угол', 'Дополнительные углы', 'Смежные углы', 'вертикальные углы', 'смежные углы']","['Смежные углы — это два угла, у которых одна сторона общая, а две другие дополняют друг друга до прямой.', 'Дополни́тельные углы́ — это пара углов, которые дополняют друг друга до 90 градусов.', 'У́гол — геометрическая фигура, образованная двумя лучами, выходящими из одной точки.', 'Неограниченная геометрическая фигура, образованная двумя лучами, выходящими из одной точки']","[('___ — это два угла, у которых одна сторона общая, а две другие дополняют друг друга до прямой.', ('Смежные углы', 'Дополнительные углы', 'вертикальные углы', 'угол')), ('___ — это два угла, у которых одна сторона общая, а две другие дополняют друг друга до прямой.', ('смежные углы', 'Дополнительные углы', 'вертикальные углы', 'угол'))]","[('___ — это два угла, у которых одна сторона общая, а две другие дополняют друг друга до прямой.', ('Смежные углы', 'Дополнительные углы', 'вертикальные углы', 'угол')), ('___ — это два угла, у которых одна сторона общая, а две другие дополняют друг друга до прямой.', ('смежные углы', 'Дополнительные углы', 'вертикальные углы', 'угол'))]","['Неограниченная геометрическая фигура, образованная двумя лучами, выходящими из одной точки', 'Дополни́тельные углы́ — это пара углов, которые дополняют друг друга до 90 градусов.', 'У́гол — геометрическая фигура, образованная двумя лучами, выходящими из одной точки.']"
ant,bn:00004458n,"['муравей', 'муравьи']","['Муравьи́ (лат.', 'Семейство насекомых из надсемейства муравьиных отряда перепончатокрылых']","[('___́ (лат.', ('муравьи', 'муравей'))]","[('Семейство насекомых из надсемейства ___ных отряда перепончатокрылых', ('муравьи', 'муравей')), ('___́ (лат.', ('муравьи', 'муравей'))]",[]
apple,bn:00005054n,['яблоко'],"['Я́блоко — сочный плод яблони, который употребляется в пищу в свежем и запеченном виде, служит сырьём в кулинарии и для приготовления напитков.', 'Плод яблони']",[],[],"['Я́блоко — сочный плод яблони, который употребляется в пищу в свежем и запеченном виде, служит сырьём в кулинарии и для приготовления напитков.', 'Плод яблони']"
arch,bn:00005387n,"['а́рка', 'арка', 'свод']","['А́рка', 'архитектурный элемент']","[('___', ('а́рка', 'арка', 'свод'))]","[('___', ('а́рка', 'арка', 'свод'))]",['архитектурный элемент']
arm,bn:00005704n,"['оружие', 'ору́жие']","['Оружие — название устройств и предметов, конструктивно предназначенных для поражения живой цели, а также подачи сигналов.', 'Средство нанесения ущерба противнику']","[('___ — название устройств и предметов, конструктивно предназначенных для поражения живой цели, а также подачи сигналов.', ('оружие', 'ору́жие'))]","[('___ — название устройств и предметов, конструктивно предназначенных для поражения живой цели, а также подачи сигналов.', ('оружие', 'ору́жие'))]",['Средство нанесения ущерба противнику']
army,bn:00005732n,"['вооруженные силы', 'вооружённые си́лы', 'вооружённые силы', 'а́рмия', 'войска́']","['Вооружённые си́лы — главная вооружённая организация государства или группы государств, предназначенная для обеспечения военной безопасности, защиты государственных интересов при агрессии и ведении войны, недопущения или ликвидации угрозы миру между государствами и безопасности.', 'Воо\xadружённая ор\xadга\xadни\xadза\xadция го\xadсу\xadдар\xadст\xadва или груп\xadпы го\xadсу\xadдарств', 'Вооружённая организация государства или груп\xadпы го\xadсу\xadдарств, предназначенная для защиты в случае войны']","[('___ — главная вооружённая организация государства или группы государств, предназначенная для обеспечения военной безопасности, защиты государственных интересов при агрессии и ведении войны, недопущения или ликвидации угрозы миру между государствами и безопасности.', ('вооружённые си́лы', 'вооруженные силы', 'вооружённые силы', 'войска́', 'а́рмия'))]","[('___ — главная вооружённая организация государства или группы государств, предназначенная для обеспечения военной безопасности, защиты государственных интересов при агрессии и ведении войны, недопущения или ликвидации угрозы миру между государствами и безопасности.', ('вооружённые си́лы', 'вооруженные силы', 'вооружённые силы', 'войска́', 'а́рмия'))]","['Вооружённая организация государства или груп\xadпы го\xadсу\xadдарств, предназначенная для защиты в случае войны', 'Воо\xadружённая ор\xadга\xadни\xadза\xadция го\xadсу\xadдар\xadст\xadва или груп\xadпы го\xadсу\xadдарств']"
baby,bn:00007630n,"['ребёнок', 'младенец', 'дитя', 'ребенок', 'малыш', 'крошка', 'малютка', 'младе́нец', 'дитя́']","['Младе́нец, грудной ребёнок — ребёнок в возрасте от рождения до года.']","[('___, грудной ребёнок — ребёнок в возрасте от рождения до года.', ('младе́нец', 'младенец', 'ребенок', 'малютка', 'крошка', 'малыш', 'дитя́', 'дитя')), ('Младе́нец, грудной ___ — ___ в возрасте от рождения до года.', ('ребёнок', 'младенец', 'ребенок', 'малютка', 'крошка', 'малыш', 'дитя́', 'дитя'))]","[('___, грудной ребёнок — ребёнок в возрасте от рождения до года.', ('младе́нец', 'младенец', 'ребенок', 'малютка', 'крошка', 'малыш', 'дитя́', 'дитя')), ('Младе́нец, грудной ___ — ___ в возрасте от рождения до года.', ('ребёнок', 'младенец', 'ребенок', 'малютка', 'крошка', 'малыш', 'дитя́', 'дитя'))]",[]
bag,bn:00007925n,"['сумочка', 'ридикюль', 'сумка', 'су́мочка', 'су́мка']","['Су́мка — изделие, мягкая, а также твёрдая ёмкость для переноски предметов в руках или на плече.', 'Маленькая сумка для переноса личных вещей в руке или на плече']","[('___ — изделие, мягкая, а также твёрдая ёмкость для переноски предметов в руках или на плече.', ('су́мка', 'ридикюль', 'су́мочка', 'сумочка', 'сумка')), ('Маленькая ___ для переноса личных вещей в руке или на плече', ('сумка', 'ридикюль', 'су́мочка', 'сумочка', 'су́мка'))]","[('___ — изделие, мягкая, а также твёрдая ёмкость для переноски предметов в руках или на плече.', ('су́мка', 'ридикюль', 'су́мочка', 'сумочка', 'сумка')), ('Маленькая ___ для переноса личных вещей в руке или на плече', ('сумка', 'ридикюль', 'су́мочка', 'сумочка', 'су́мка'))]",[]
ball,bn:00008804n,['бейсбол'],['Бейсбо́л (англ.'],[],[],['Бейсбо́л (англ.']
band,bn:00008287n,"['кольцо', 'перстень', 'пе́рстень', 'кольцо́']","['Кольцо́ ', 'Предмет, носимый на пальце']","[('___́ ', ('кольцо', 'пе́рстень', 'перстень', 'кольцо́'))]","[('___ ', ('кольцо́', 'пе́рстень', 'перстень')), ('___́ ', ('кольцо', 'пе́рстень', 'перстень'))]","['Предмет, носимый на пальце']"
basin,bn:00071766n,"['таз', 'раковина', 'умыва́льник', 'Раковина', 'ра́ковина', 'мо́йка']","['Раковина — чашеобразное приспособление, которое используется для мытья рук или небольших предметов.']","[('___ — чашеобразное приспособление, которое используется для мытья рук или небольших предметов.', ('раковина', 'умыва́льник', 'ра́ковина', 'мо́йка', 'таз')), ('___ — чашеобразное приспособление, которое используется для мытья рук или небольших предметов.', ('Раковина', 'умыва́льник', 'ра́ковина', 'мо́йка', 'таз'))]","[('___ — чашеобразное приспособление, которое используется для мытья рук или небольших предметов.', ('раковина', 'умыва́льник', 'ра́ковина', 'мо́йка', 'таз')), ('___ — чашеобразное приспособление, которое используется для мытья рук или небольших предметов.', ('Раковина', 'умыва́льник', 'ра́ковина', 'мо́йка', 'таз'))]",[]
basket,bn:00008872n,['корзина'],"['Корзи́на — плетёное изделие, служащее вместилищем для хранения вещей, для упаковки или переноски.']",[],[],"['Корзи́на — плетёное изделие, служащее вместилищем для хранения вещей, для упаковки или переноски.']"
bath,bn:00008995n,"['ванная', 'ба́ня', 'ванная комната', 'ва́нная']","['Ванная комната, ванная, Мыльня — помещение, где находится ванна, в квартире или жилом доме, предназначенное для купания или принятия душа.']","[('___, ванная, Мыльня — помещение, где находится ванна, в квартире или жилом доме, предназначенное для купания или принятия душа.', ('ванная комната', 'ва́нная', 'ба́ня')), ('___ комната, ___, Мыльня — помещение, где находится ванна, в квартире или жилом доме, предназначенное для купания или принятия душа.', ('ванная', 'ва́нная', 'ба́ня'))]","[('___, ванная, Мыльня — помещение, где находится ванна, в квартире или жилом доме, предназначенное для купания или принятия душа.', ('ванная комната', 'ва́нная', 'ба́ня')), ('___ комната, ___, Мыльня — помещение, где находится ванна, в квартире или жилом доме, предназначенное для купания или принятия душа.', ('ванная', 'ва́нная', 'ба́ня'))]",[]
bed,bn:00009472n,"['кровать', 'постель', 'ко́йка', 'посте́ль', 'крова́ть']","['Крова́ть (от греч.', 'мебельное изделие используемое человеком для сна']","[('___ (от греч.', ('крова́ть', 'посте́ль', 'кровать', 'постель', 'ко́йка'))]","[('___ (от греч.', ('крова́ть', 'посте́ль', 'кровать', 'постель', 'ко́йка'))]",['мебельное изделие используемое человеком для сна']
bee,bn:00009524n,"['пчела', 'пчела́', 'пчёлы']","['Пчёлы (лат.', 'Насекомые']","[('___ (лат.', ('пчёлы', 'пчела́', 'пчела'))]","[('___ (лат.', ('пчёлы', 'пчела́', 'пчела'))]",['Насекомые']
bell,bn:00009728n,"['Дверной звонок', 'звоно́к', 'дверно́й звоно́к', 'дверной звонок']","['Дверной звонок — устройство, которое находится возле входной двери.']","[('___ — устройство, которое находится возле входной двери.', ('Дверной звонок', 'дверно́й звоно́к', 'звоно́к')), ('___ — устройство, которое находится возле входной двери.', ('дверной звонок', 'дверно́й звоно́к', 'звоно́к'))]","[('___ — устройство, которое находится возле входной двери.', ('Дверной звонок', 'дверно́й звоно́к', 'звоно́к')), ('___ — устройство, которое находится возле входной двери.', ('дверной звонок', 'дверно́й звоно́к', 'звоно́к'))]",[]
berry,bn:00010066n,['ягода'],"['Я́года (лат.', 'Я́года — маленький сочный или мясистый плод, обычно кустарниковых или травянистых растений; в плодоводстве — плод, у которого съедобен весь околоплодник.', 'Пища; используйте Q13184 для ботанической перспективы']",[],[],"['Я́года — маленький сочный или мясистый плод, обычно кустарниковых или травянистых растений; в плодоводстве — плод, у которого съедобен весь околоплодник.', 'Пища; используйте Q13184 для ботанической перспективы', 'Я́года (лат.']"
bird,bn:00010605n,"['птица', 'птицы']","['Пти́цы (лат.', 'перенаправление на Викисловарь']",[],[],"['перенаправление на Викисловарь', 'Пти́цы (лат.']"
blade,bn:00011081n,"['меч', 'шпа́га', 'са́бля']","['Меч — вид холодного оружия с прямым клинком, предназначенный для рубящего и колющего ударов.', 'Холодное оружие с прямым клинком']","[('___ — вид холодного оружия с прямым клинком, предназначенный для рубящего и колющего ударов.', ('меч', 'шпа́га', 'са́бля'))]","[('___ — вид холодного оружия с прямым клинком, предназначенный для рубящего и колющего ударов.', ('меч', 'шпа́га', 'са́бля'))]",['Холодное оружие с прямым клинком']
boat,bn:00011674n,"['ладья́', 'лодка', 'бот', 'ло́дка', 'чёлн', 'шлю́пка']",['Ло́дка — небольшое беспалубное судно.'],"[('___ — небольшое беспалубное судно.', ('ло́дка', 'шлю́пка', 'ладья́', 'лодка', 'чёлн', 'бот'))]","[('___ — небольшое беспалубное судно.', ('ло́дка', 'шлю́пка', 'ладья́', 'лодка', 'чёлн', 'бот'))]",[]
bone,bn:00011999n,['кость'],"['Кость — твёрдый орган позвоночных животных.', 'Твёрдые органы у позвоночных']","[('___ — твёрдый орган позвоночных животных.', ('кость',))]","[('___ — твёрдый орган позвоночных животных.', ('кость',))]",['Твёрдые органы у позвоночных']
book,bn:00012059n,['книга'],"['Кни́га — один из видов печатной продукции: непериодическое издание, состоящее из сброшюрованных или отдельных бумажных листов или тетрадей, на которых нанесена типографским или рукописным способом текстовая и графическая информация, имеющее, как правило, твёрдый переплёт.', 'Носитель информации; вид печатной продукции; объединённые листы с информацией', 'Коллекция листах бумаги связаны друг с другом, чтобы петля на одном краю, содержащие печатные или письменные материалы, фотографии и т.д.']",[],[],"['Кни́га — один из видов печатной продукции: непериодическое издание, состоящее из сброшюрованных или отдельных бумажных листов или тетрадей, на которых нанесена типографским или рукописным способом текстовая и графическая информация, имеющее, как правило, твёрдый переплёт.', 'Коллекция листах бумаги связаны друг с другом, чтобы петля на одном краю, содержащие печатные или письменные материалы, фотографии и т.д.', 'Носитель информации; вид печатной продукции; объединённые листы с информацией']"
boot,bn:00012166n,"['сапоги', 'Сапоги']",['Сапоги́ — вид обуви с высокими голенищами.'],"[('___́ — вид обуви с высокими голенищами.', ('сапоги',)), ('___́ — вид обуви с высокими голенищами.', ('Сапоги',))]","[('___́ — вид обуви с высокими голенищами.', ('сапоги',)), ('___́ — вид обуви с высокими голенищами.', ('Сапоги',))]",[]
bottle,bn:00012339n,"['буты́лка', 'бутылка']","['Буты́лка', 'Контейнер для жидкостей']","[('___', ('буты́лка', 'бутылка'))]","[('___', ('буты́лка', 'бутылка'))]",['Контейнер для жидкостей']
box,bn:00012524n,['коробка'],"['Коробка или ящик — негерметичная ёмкость в форме многогранника, выполненная из картона или другого плотного материала.', 'Вид ёмкости или ящика из плотного материала']","[('___ или ящик — негерметичная ёмкость в форме многогранника, выполненная из картона или другого плотного материала.', ('коробка',))]","[('___ или ящик — негерметичная ёмкость в форме многогранника, выполненная из картона или другого плотного материала.', ('коробка',))]",['Вид ёмкости или ящика из плотного материала']
boy,bn:00012569n,['мальчик'],"['Мальчик — ребёнок мужского пола в возрасте до 13-15 лет включительно.', 'Ребёнок мужского пола']","[('___ — ребёнок мужского пола в возрасте до 13-15 лет включительно.', ('мальчик',))]","[('___ — ребёнок мужского пола в возрасте до 13-15 лет включительно.', ('мальчик',))]",['Ребёнок мужского пола']
brain,bn:00012681n,"['Нус', 'ра́зум', 'психика', 'ум']","['Нус (др.-греч.', 'Ум — это совокупность способностей к мышлению, познанию, пониманию, восприятию, запоминанию, обобщению, оценке и принятию решения кем-либо.', 'Пси́хика (от др.-греч.', 'Субъективный мир человека', 'категория античной философии; обобщение всех смысловых, ра́зумных и мыслительных закономерностей, царящих в космосе и в человеке']","[('___ — это совокупность способностей к мышлению, познанию, пониманию, восприятию, запоминанию, обобщению, оценке и принятию решения кем-либо.', ('ум', 'психика', 'ра́зум', 'Нус')), ('___ (др.-греч.', ('Нус', 'психика', 'ра́зум', 'ум'))]","[('___ — это совокупность способностей к мышлению, познанию, пониманию, восприятию, запоминанию, обобщению, оценке и принятию решения кем-либо.', ('ум', 'психика', 'ра́зум', 'Нус')), ('категория античной философии; обобщение всех смысловых, ___ных и мыслительных закономерностей, царящих в космосе и в человеке', ('ра́зум', 'психика', 'Нус', 'ум')), ('___ (др.-греч.', ('Нус', 'психика', 'ра́зум', 'ум'))]","['Субъективный мир человека', 'Пси́хика (от др.-греч.']"
brake,bn:00012710n,"['механический тормоз', 'Фрикционный тормоз']","['Фрикционный то́рмоз — тормозной механизм транспортного средства, осуществляющий торможение за счет сил трения между его неподвижными и вращающимися деталями.', 'Устройство для замедления или остановки движения и/или вращения механизма машины, транспортного средства']",[],[],"['Фрикционный то́рмоз — тормозной механизм транспортного средства, осуществляющий торможение за счет сил трения между его неподвижными и вращающимися деталями.', 'Устройство для замедления или остановки движения и/или вращения механизма машины, транспортного средства']"
branch,bn:00029676n,"['экономика', 'политическая экономия', 'эконо́мика']","['Полити́ческая эконо́мия, политэконо́мия — одна из общественных наук, предметом исследования которой являются отношения между рынком и государством, индивидом и обществом.', 'Экономика ', 'Наука о производстве, распределении, обмене и потреблении благ']","[('___ ', ('экономика', 'политическая экономия', 'эконо́мика'))]","[('___ ', ('экономика', 'политическая экономия', 'эконо́мика'))]","['Полити́ческая эконо́мия, политэконо́мия — одна из общественных наук, предметом исследования которой являются отношения между рынком и государством, индивидом и обществом.', 'Наука о производстве, распределении, обмене и потреблении благ']"
brick,bn:00013047n,"['кирпич', 'кирпи́ч']","['Кирпич — строительный материал в виде искусственного камня, изготовленного из пластичной минеральной смеси.', 'Строительный материал', 'строительный материал']","[('___ — строительный материал в виде искусственного камня, изготовленного из пластичной минеральной смеси.', ('кирпич', 'кирпи́ч'))]","[('___ — строительный материал в виде искусственного камня, изготовленного из пластичной минеральной смеси.', ('кирпич', 'кирпи́ч'))]","['Строительный материал', 'строительный материал']"
bridge,bn:00013077n,['мост'],"['Мост — дорожное сооружение, возведённое над каким-либо препятствием, например, через водоём, овраг.', 'Искусственное сооружение, возведённое через реку, озеро, пролив или любое другое физическое препятствие']","[('___ — дорожное сооружение, возведённое над каким-либо препятствием, например, через водоём, овраг.', ('мост',))]","[('___ — дорожное сооружение, возведённое над каким-либо препятствием, например, через водоём, овраг.', ('мост',))]","['Искусственное сооружение, возведённое через реку, озеро, пролив или любое другое физическое препятствие']"
brush,bn:00013489n,"['щётка', 'кисть', 'Щётка']","['Щётка — щетинно-щёточное изделие, инструмент, состоящий из собранных воедино тонких длинных прутьев из упругого материала и ручки.']","[('___ — щетинно-щёточное изделие, инструмент, состоящий из собранных воедино тонких длинных прутьев из упругого материала и ручки.', ('щётка', 'кисть')), ('___ — щетинно-щёточное изделие, инструмент, состоящий из собранных воедино тонких длинных прутьев из упругого материала и ручки.', ('Щётка', 'кисть'))]","[('___ — щетинно-щёточное изделие, инструмент, состоящий из собранных воедино тонких длинных прутьев из упругого материала и ручки.', ('щётка', 'кисть')), ('___ — щетинно-щёточное изделие, инструмент, состоящий из собранных воедино тонких длинных прутьев из упругого материала и ручки.', ('Щётка', 'кисть'))]",[]
bucket,bn:00013590n,"['ведёрко', 'ведро', 'ведро́']","['Ведро́ — сосуд для хранения жидких и сыпучих материалов и транспортировки их на небольшие расстояния.', 'Сосуд для жидкости']","[('___́ — сосуд для хранения жидких и сыпучих материалов и транспортировки их на небольшие расстояния.', ('ведро', 'ведёрко', 'ведро́'))]","[('___ — сосуд для хранения жидких и сыпучих материалов и транспортировки их на небольшие расстояния.', ('ведро́', 'ведёрко')), ('___́ — сосуд для хранения жидких и сыпучих материалов и транспортировки их на небольшие расстояния.', ('ведро', 'ведёрко'))]",['Сосуд для жидкости']
bulb,bn:00013745n,"['лампа накаливания', 'лампочка', 'ла́мпа нака́ливания', 'электрическое освещение']","['Ла́мпа нака́ливания — искусственный источник света, в котором свет испускает тело накала, нагреваемое электрическим током до высокой температуры.', 'искусственный источник света, в котором свет испускает тело накала']","[('___ — искусственный источник света, в котором свет испускает тело накала, нагреваемое электрическим током до высокой температуры.', ('ла́мпа нака́ливания', 'электрическое освещение', 'лампа накаливания', 'лампочка'))]","[('___ — искусственный источник света, в котором свет испускает тело накала, нагреваемое электрическим током до высокой температуры.', ('ла́мпа нака́ливания', 'электрическое освещение', 'лампа накаливания', 'лампочка'))]","['искусственный источник света, в котором свет испускает тело накала']"
button,bn:00014305n,['пуговица'],"['Пу́говица — небольшой предмет, выполненный из твердого материала, с отверстиями или ушком для крепления на одежде, обуви и предметах личного обихода.', 'Предмет одежды']",[],[],"['Пу́говица — небольшой предмет, выполненный из твердого материала, с отверстиями или ушком для крепления на одежде, обуви и предметах личного обихода.', 'Предмет одежды']"
cake,bn:00014609n,"['торт', 'пирожное']","['Пиро́жное — кондитерское изделие небольшого размера из сладкого сдобного теста, обычно с кремовой начинкой.', 'Десерт из муки, масла и сахара']",[],[],"['Пиро́жное — кондитерское изделие небольшого размера из сладкого сдобного теста, обычно с кремовой начинкой.', 'Десерт из муки, масла и сахара']"
camera,bn:00015008n,"['съёмочная камера', 'камера', 'фотоаппарат']","['Фотоаппара́т — устройство для регистрации неподвижных изображений.', 'Съёмочная камера, чаще просто камера — обобщающее название всех оптических устройств, предназначенных для записи или передачи изображения, как неподвижного, так и движущегося.', '(неоднозначный термин) аппарат для записи или передачи фотоизображений и видео', 'Оптическое устройство для съёмки и передачи изображений или видео']","[('___, чаще просто камера — обобщающее название всех оптических устройств, предназначенных для записи или передачи изображения, как неподвижного, так и движущегося.', ('съёмочная камера', 'фотоаппарат')), ('Съёмочная ___, чаще просто ___ — обобщающее название всех оптических устройств, предназначенных для записи или передачи изображения, как неподвижного, так и движущегося.', ('камера', 'фотоаппарат'))]","[('___, чаще просто камера — обобщающее название всех оптических устройств, предназначенных для записи или передачи изображения, как неподвижного, так и движущегося.', ('съёмочная камера', 'фотоаппарат')), ('Съёмочная ___, чаще просто ___ — обобщающее название всех оптических устройств, предназначенных для записи или передачи изображения, как неподвижного, так и движущегося.', ('камера', 'фотоаппарат'))]","['(неоднозначный термин) аппарат для записи или передачи фотоизображений и видео', 'Фотоаппара́т — устройство для регистрации неподвижных изображений.', 'Оптическое устройство для съёмки и передачи изображений или видео']"
cart,bn:00016292n,"['повозка', 'теле́жка', 'ручна́я теле́жка']","['Пово́зка, воз — транспортное средство, предназначенное для перемещения по твёрдой поверхности грузов или пассажиров с использованием силы мускулов животных или человека; движущее повозку живое существо располагается вне её.']",[],[],"['Пово́зка, воз — транспортное средство, предназначенное для перемещения по твёрдой поверхности грузов или пассажиров с использованием силы мускулов животных или человека; движущее повозку живое существо располагается вне её.']"
carriage,bn:00016241n,"['железнодорожное транспортное средство', 'карета', 'теле́га', 'каре́та', 'экипа́ж', 'пово́зка']",['Каре́та'],"[('___', ('каре́та', 'железнодорожное транспортное средство', 'пово́зка', 'теле́га', 'экипа́ж', 'карета'))]","[('___', ('каре́та', 'железнодорожное транспортное средство', 'пово́зка', 'теле́га', 'экипа́ж', 'карета'))]",[]
cat,bn:00016606n,"['кошка', 'кот']","['Ко́шка — домашнее животное, одно из наиболее популярных «животных-компаньонов».', 'Домашнее животное']",[],[],"['Ко́шка — домашнее животное, одно из наиболее популярных «животных-компаньонов».', 'Домашнее животное']"
cheese,bn:00018038n,"['сыр', 'творо́г', 'тво́рог']","['Сыр — пищевой продукт в виде твёрдой или полутвёрдой массы, получаемый в процессе сыроделия из заквашиваемого особым способом молока.', 'Пищевой продукт, получаемый из молока']","[('___ — пищевой продукт в виде твёрдой или полутвёрдой массы, получаемый в процессе сыроделия из заквашиваемого особым способом молока.', ('сыр', 'творо́г', 'тво́рог'))]","[('___ — пищевой продукт в виде твёрдой или полутвёрдой массы, получаемый в процессе ___оделия из заквашиваемого особым способом молока.', ('сыр', 'творо́г', 'тво́рог'))]","['Пищевой продукт, получаемый из молока']"
chest,bn:00018208n,"['сундук', 'я́щик', 'Сундук', 'сунду́к']","['Сунду́к — изделие корпусной мебели с откидной или съёмной верхней крышкой, используется как ёмкость для хранения предметов обихода, драгоценностей и других ценных вещей.', 'Статья-список в проекте Викимедиа']","[('___ — изделие корпусной мебели с откидной или съёмной верхней крышкой, используется как ёмкость для хранения предметов обихода, драгоценностей и других ценных вещей.', ('сунду́к', 'сундук', 'Сундук', 'я́щик'))]","[('___ — изделие корпусной мебели с откидной или съёмной верхней крышкой, используется как ёмкость для хранения предметов обихода, драгоценностей и других ценных вещей.', ('сунду́к', 'сундук', 'Сундук', 'я́щик'))]",['Статья-список в проекте Викимедиа']
chin,bn:00018426n,['подбородок'],"['Подборо́док — самая нижняя часть лица, расположенная книзу от нижней губы.']",[],[],"['Подборо́док — самая нижняя часть лица, расположенная книзу от нижней губы.']"
church,bn:00018995n,"['церковь', 'це́рковь', 'костёл', 'христианский храм', 'це́рква', 'ки́рха']","['Це́рковь', 'Архитектурное сооружение для совершения богослужений и религиозных обрядов', 'Здание, где христианская религиозная деятельность осуществляется.']","[('___', ('це́рковь', 'христианский храм', 'церковь', 'це́рква', 'костёл', 'ки́рха'))]","[('___', ('це́рковь', 'христианский храм', 'церковь', 'це́рква', 'костёл', 'ки́рха'))]","['Архитектурное сооружение для совершения богослужений и религиозных обрядов', 'Здание, где христианская религиозная деятельность осуществляется.']"
circle,bn:00019169n,"['окружность', 'окру́жность', 'круг']","['Окру́жность — замкнутая плоская кривая, все точки которой равноудалены от заданной точки, лежащей в той же плоскости, что и кривая: эта точка называется центром окружности.', 'Замкнутая плоская кривая']","[('___ — замкнутая плоская кривая, все точки которой равноудалены от заданной точки, лежащей в той же плоскости, что и кривая: эта точка называется центром окружности.', ('окру́жность', 'окружность', 'круг'))]","[('___ — замкнутая плоская кривая, все точки которой равноудалены от заданной точки, лежащей в той же плоскости, что и кривая: эта точка называется центром окружности.', ('окру́жность', 'окружность', 'круг'))]",['Замкнутая плоская кривая']
clock,bn:00019887n,"['часы', 'часы́']","['Часы́ — прибор для определения текущего времени суток и измерения продолжительности временны́х интервалов в единицах, меньших, чем одни сутки.', 'Прибор для измерения времени']","[('___́ — прибор для определения текущего времени суток и измерения продолжительности временны́х интервалов в единицах, меньших, чем одни сутки.', ('часы', 'часы́'))]","[('___ — прибор для определения текущего времени суток и измерения продолжительности временны́х интервалов в единицах, меньших, чем одни сутки.', ('часы́',)), ('___́ — прибор для определения текущего времени суток и измерения продолжительности временны́х интервалов в единицах, меньших, чем одни сутки.', ('часы',))]",['Прибор для измерения времени']
cloud,bn:00020002n,"['облако', 'облака', 'о́блако', 'ту́ча']","['Облако — взвешенные в атмосфере продукты конденсации водяного пара, видимые на небе невооружённым глазом с поверхности Земли и околоземного космического пространства.', 'Взвешенные в атмосфере продукты конденсации водяного пара']","[('___ — взвешенные в атмосфере продукты конденсации водяного пара, видимые на небе невооружённым глазом с поверхности Земли и околоземного космического пространства.', ('облако', 'о́блако', 'облака', 'ту́ча'))]","[('___ — взвешенные в атмосфере продукты конденсации водяного пара, видимые на небе невооружённым глазом с поверхности Земли и околоземного космического пространства.', ('облако', 'о́блако', 'облака', 'ту́ча'))]",['Взвешенные в атмосфере продукты конденсации водяного пара']
collar,bn:00005136n,"['заключение под стражу', 'задержа́ние', 'аре́ст', 'Арест личности']",['Арест личности '],"[('___ ', ('Арест личности', 'заключение под стражу', 'задержа́ние', 'аре́ст'))]","[('___ ', ('Арест личности', 'заключение под стражу', 'задержа́ние', 'аре́ст'))]",[]
comb,bn:00020849n,['расчёска'],"['Расчёска — индивидуальный предмет быта для расчёсывания волос, массажа головы и нанесения воды на волосы.']","[('___ — индивидуальный предмет быта для расчёсывания волос, массажа головы и нанесения воды на волосы.', ('расчёска',))]","[('___ — индивидуальный предмет быта для расчёсывания волос, массажа головы и нанесения воды на волосы.', ('расчёска',))]",[]
cord,bn:00022592n,"['Корд', 'корд']","['Корд — шерстяная ткань особого переплетения, создающего на её лицевой поверхности продольные рубчики шириной около 3-8 мм.']","[('___ — шерстяная ткань особого переплетения, создающего на её лицевой поверхности продольные рубчики шириной около 3-8 мм.', ('Корд',)), ('___ — шерстяная ткань особого переплетения, создающего на её лицевой поверхности продольные рубчики шириной около 3-8 мм.', ('корд',))]","[('___ — шерстяная ткань особого переплетения, создающего на её лицевой поверхности продольные рубчики шириной около 3-8 мм.', ('Корд',)), ('___ — шерстяная ткань особого переплетения, создающего на её лицевой поверхности продольные рубчики шириной около 3-8 мм.', ('корд',))]",[]
cow,bn:00012273n,"['скот', 'Bos taurus', 'скоти́на', 'бык', 'кру́пный рога́тый скот', 'домашний бык', 'коро́ва']","['Домашний бык — парнокопытное домашнее жвачное животное семейства полорогие.', 'Вид млекопитающих', 'Одомашненный подвид дикого быка']","[('___ — парнокопытное домашнее жвачное животное семейства полорогие.', ('домашний бык', 'кру́пный рога́тый скот', 'Bos taurus', 'скоти́на', 'коро́ва', 'скот')), ('Домашний ___ — парнокопытное домашнее жвачное животное семейства полорогие.', ('бык', 'кру́пный рога́тый скот', 'Bos taurus', 'скоти́на', 'коро́ва', 'скот'))]","[('___ — парнокопытное домашнее жвачное животное семейства полорогие.', ('домашний бык', 'кру́пный рога́тый скот', 'Bos taurus', 'скоти́на', 'коро́ва', 'скот')), ('Домашний ___ — парнокопытное домашнее жвачное животное семейства полорогие.', ('бык', 'кру́пный рога́тый скот', 'Bos taurus', 'скоти́на', 'коро́ва', 'скот')), ('Одомашненный подвид дикого ___а', ('бык', 'кру́пный рога́тый скот', 'домашний бык', 'Bos taurus', 'скоти́на', 'коро́ва', 'скот'))]",['Вид млекопитающих']
curtain,bn:00024534n,"['занавеска', 'што́ра', 'шторы', 'штора', 'занаве́ска', 'портье́ра', 'гарди́на']","['Што́ры, Занавески — общее наименование бытовых функционально-декоративных оконных или дверных занавесей из тканевых и иных материалов.', 'Портьера, оконная или дверная занавесь']",[],[],"['Што́ры, Занавески — общее наименование бытовых функционально-декоративных оконных или дверных занавесей из тканевых и иных материалов.', 'Портьера, оконная или дверная занавесь']"
cushion,bn:00024564n,"['амортизатор', 'шок']","['Амортиза́тор — устройство для гашения колебаний и поглощения толчков и ударов подвижных элементов, а также корпуса самого транспортного средства, посредством превращения механической энергии движения в тепловую.']",[],[],"['Амортиза́тор — устройство для гашения колебаний и поглощения толчков и ударов подвижных элементов, а также корпуса самого транспортного средства, посредством превращения механической энергии движения в тепловую.']"
dog,bn:00015267n,"['собака', 'фруфру', 'Canis lupus familiaris']","['Соба́ка (лат.', 'Домашнее животное']",[],[],"['Домашнее животное', 'Соба́ка (лат.']"
door,bn:00028247n,"['две́ри', 'дверь']","['Дверь — элемент стеновой конструкции, предназначенный для заполнения дверных проемов и состоящий из дверного блока, крепления дверного блока к проему, монтажных швов, системы уплотнений и облицовки и обеспечивающий при закрытом положении дверного полотна защиту от климатических, шумовых и других воздействий, а также от несанкционированного прохода.']","[('___ — элемент стеновой конструкции, предназначенный для заполнения дверных проемов и состоящий из дверного блока, крепления дверного блока к проему, монтажных швов, системы уплотнений и облицовки и обеспечивающий при закрытом положении дверного полотна защиту от климатических, шумовых и других воздействий, а также от несанкционированного прохода.', ('дверь', 'две́ри'))]","[('___ — элемент стеновой конструкции, предназначенный для заполнения дверных проемов и состоящий из дверного блока, крепления дверного блока к проему, монтажных швов, системы уплотнений и облицовки и обеспечивающий при закрытом положении дверного полотна защиту от климатических, шумовых и других воздействий, а также от несанкционированного прохода.', ('дверь', 'две́ри'))]",[]
drain,bn:00034158n,"['дверь', 'полевой транзистор']","['Полево́й транзи́стор — полупроводниковый прибор, принцип действия которого основан на управлении электрическим сопротивлением токопроводящего канала поперечным электрическим полем, создаваемым приложенным к затвору напряжением.']",[],[],"['Полево́й транзи́стор — полупроводниковый прибор, принцип действия которого основан на управлении электрическим сопротивлением токопроводящего канала поперечным электрическим полем, создаваемым приложенным к затвору напряжением.']"
drawer,bn:00028639n,"['рисунок', 'рису́нок', 'чертёж', 'схе́ма']","['Рису́нок ', 'Изображение на плоскости, созданное средствами графики', 'детальное изображение человека или объекта']","[('___ ', ('рису́нок', 'рисунок', 'чертёж', 'схе́ма'))]","[('___ ', ('рису́нок', 'рисунок', 'чертёж', 'схе́ма'))]","['Изображение на плоскости, созданное средствами графики', 'детальное изображение человека или объекта']"
dress,bn:00006125n,"['одежда', 'предмет одежды', 'костю́м', 'одея́ние']","['Оде́жда — изделие или совокупность изделий, надеваемых человеком и несущих утилитарные и эстетические функции.', 'Нательные покровы, носимые человеком с целью обезопасить своё тело от негативного влияния окружающей среды и в эстетических целях']",[],[],"['Нательные покровы, носимые человеком с целью обезопасить своё тело от негативного влияния окружающей среды и в эстетических целях', 'Оде́жда — изделие или совокупность изделий, надеваемых человеком и несущих утилитарные и эстетические функции.']"
drop,bn:00028709n,['капля'],"['Ка́пля — небольшой объём жидкости, ограниченный поверхностью, определяемой преимущественно действием сил поверхностного натяжения, а не внешних сил.', 'Небольшой объём жидкости']",[],[],"['Ка́пля — небольшой объём жидкости, ограниченный поверхностью, определяемой преимущественно действием сил поверхностного натяжения, а не внешних сил.', 'Небольшой объём жидкости']"
ear,bn:00029372n,"['ухо', 'у́ши', 'у́хо']","['У́хо — сложный орган животных, предназначенный для восприятия звуковых колебаний.', 'Орган слуха']","[('___ — сложный орган животных, предназначенный для восприятия звуковых колебаний.', ('у́хо', 'у́ши', 'ухо'))]","[('___ — сложный орган животных, предназначенный для восприятия звуковых колебаний.', ('у́хо', 'у́ши', 'ухо'))]",['Орган слуха']
egg,bn:00029914n,"['куриное яйцо', 'яйцо']","['Яйцо́ — распространённый пищевой продукт.', 'распространённый пищевой продукт']","[('___́ — распространённый пищевой продукт.', ('яйцо', 'куриное яйцо'))]","[('___́ — распространённый пищевой продукт.', ('яйцо', 'куриное яйцо'))]",['распространённый пищевой продукт']
engine,bn:00030850n,"['мотор', 'двигатель', 'дви́гатель', 'мото́р']","['Дви́гатель — устройство, преобразующее какой-либо вид энергии в механическую работу.', 'Устройство, преобразующее какой-либо вид энергии в механическую']","[('___ — устройство, преобразующее какой-либо вид энергии в механическую работу.', ('дви́гатель', 'двигатель', 'мото́р', 'мотор'))]","[('___ — устройство, преобразующее какой-либо вид энергии в механическую работу.', ('дви́гатель', 'двигатель', 'мото́р', 'мотор'))]","['Устройство, преобразующее какой-либо вид энергии в механическую']"
eye,bn:00032512n,"['глаз', 'глазное яблоко', 'око']","['Глаз — сенсорный орган животных, обладающий способностью воспринимать электромагнитное излучение в световом диапазоне длин волн и обеспечивающий функцию зрения.', 'Сенсорный орган, обеспечивающий зрение']","[('___ — сенсорный орган животных, обладающий способностью воспринимать электромагнитное излучение в световом диапазоне длин волн и обеспечивающий функцию зрения.', ('глаз', 'глазное яблоко', 'око'))]","[('___ — сенсорный орган животных, обладающий способностью воспринимать электромагнитное излучение в световом диапазоне длин волн и обеспечивающий функцию зрения.', ('глаз', 'глазное яблоко', 'око'))]","['Сенсорный орган, обеспечивающий зрение']"
face,bn:00032600n,"['лицо', 'обли́чье', 'лик', 'лицо́', 'физионо́мия']","['Лицо́ — передняя часть головы человека, верхняя граница проходит по верхнеглазничному краю, внизу — по углам и нижнему краю нижней челюсти, по бокам — края ветвей нижней челюсти и основанием ушных раковин.', 'Передняя часть головы, представляющая человека как особу']","[('___́ — передняя часть головы человека, верхняя граница проходит по верхнеглазничному краю, внизу — по углам и нижнему краю нижней челюсти, по бокам — края ветвей нижней челюсти и основанием ушных раковин.', ('лицо', 'физионо́мия', 'обли́чье', 'лицо́', 'лик'))]","[('___ — передняя часть головы человека, верхняя граница проходит по верхнеглазничному краю, внизу — по углам и нижнему краю нижней челюсти, по бокам — края ветвей нижней челюсти и основанием ушных раковин.', ('лицо́', 'физионо́мия', 'обли́чье', 'лик')), ('___́ — передняя часть головы человека, верхняя граница проходит по верхнеглазничному краю, внизу — по углам и нижнему краю нижней челюсти, по бокам — края ветвей нижней челюсти и основанием ушных раковин.', ('лицо', 'физионо́мия', 'обли́чье', 'лик'))]","['Передняя часть головы, представляющая человека как особу']"
farm,bn:00033676n,"['ферма', 'хозя́йство', 'фе́рма']","['Ферма — частное сельскохозяйственное предприятие, занимающееся производством сельскохозяйственной продукции.']","[('___ — частное сельскохозяйственное предприятие, занимающееся производством сельскохозяйственной продукции.', ('ферма', 'хозя́йство', 'фе́рма'))]","[('___ — частное сельскохозяйственное предприятие, занимающееся производством сельскохозяйственной продукции.', ('ферма', 'хозя́йство', 'фе́рма'))]",[]
feather,bn:00033865n,"['перо', 'оперение', 'Оперение', 'опере́ние']","['Перо — накожное роговое образование птиц, а также некоторых нептичьих динозавров.', 'Оперение — перьевой покров птиц и оперённых динозавров.', 'Накожное роговое образование птиц и некоторых динозавров']","[('___ — накожное роговое образование птиц, а также некоторых нептичьих динозавров.', ('перо', 'опере́ние', 'оперение', 'Оперение')), ('___ — перьевой покров птиц и оперённых динозавров.', ('оперение', 'опере́ние', 'перо')), ('___ — перьевой покров птиц и оперённых динозавров.', ('Оперение', 'опере́ние', 'перо'))]","[('___ — накожное роговое образование птиц, а также некоторых нептичьих динозавров.', ('перо', 'опере́ние', 'оперение', 'Оперение')), ('___ — перьевой покров птиц и оперённых динозавров.', ('оперение', 'опере́ние', 'перо')), ('___ — перьевой покров птиц и оперённых динозавров.', ('Оперение', 'опере́ние', 'перо'))]",['Накожное роговое образование птиц и некоторых динозавров']
finger,bn:00034565n,"['палец', 'па́лец', 'палец руки', 'перст', 'палец кисти']","['Па́льцы ки́сти, па́льцы руки́ — наиболее дистальные части верхних конечностей человека, у которого в процессе эволюции они получили важную функциональную нагрузку по сравнению с другими видами.']",[],[],"['Па́льцы ки́сти, па́льцы руки́ — наиболее дистальные части верхних конечностей человека, у которого в процессе эволюции они получили важную функциональную нагрузку по сравнению с другими видами.']"
fish,bn:00034816n,"['рыбы', 'ры́ба']","['Рыбы (лат.', 'Парафилетическая группа водных позвоночных животных']","[('___ (лат.', ('рыбы', 'ры́ба'))]","[('___ (лат.', ('рыбы', 'ры́ба'))]",['Парафилетическая группа водных позвоночных животных']
flag,bn:00034960n,"['знамя', 'вымпел', 'флаг']",['Флаг '],"[('___ ', ('флаг', 'вымпел', 'знамя'))]","[('___ ', ('флаг', 'вымпел', 'знамя'))]",[]
floor,bn:00079476n,"['долина', 'Долина', 'доли́на']","['Доли́на — отрицательная, линейно вытянутая форма рельефа с однообразным падением.', 'отрицательная, линейно-вытянутая форма рельефа с однообразным падением', 'Село в Фёдоровском районе Саратовской области России']","[('___ — отрицательная, линейно вытянутая форма рельефа с однообразным падением.', ('доли́на', 'долина', 'Долина'))]","[('___ — отрицательная, линейно вытянутая форма рельефа с однообразным падением.', ('доли́на', 'долина', 'Долина'))]","['отрицательная, линейно-вытянутая форма рельефа с однообразным падением', 'Село в Фёдоровском районе Саратовской области России']"
fly,bn:00035494n,"['му́ха', 'двукрылые', 'двукры́лое']",['Двукры́лые '],[],[],['Двукры́лые ']
foot,bn:00035679n,['стопа'],['Стопа́ (лат.'],"[('___́ (лат.', ('стопа',))]","[('___́ (лат.', ('стопа',))]",[]
fork,bn:00035902n,['вилка'],['Ви́лка '],[],[],['Ви́лка ']
fowl,bn:00028155n,"['птицеводство', 'пернатая дичь', 'домашняя птица', 'Galloanserae', 'Galloanseres']",['Galloanseres — клада птиц из инфракласса новонёбных.'],"[('___ — клада птиц из инфракласса новонёбных.', ('Galloanseres', 'домашняя птица', 'пернатая дичь', 'птицеводство', 'Galloanserae'))]","[('___ — клада птиц из инфракласса новонёбных.', ('Galloanseres', 'домашняя птица', 'пернатая дичь', 'птицеводство', 'Galloanserae'))]",[]
frame,bn:00003882n,"['человеческое тело', 'физиология человека', 'костя́к', 'телосложе́ние', 'фигу́ра', 'скеле́т', 'физиология человека и животных', 'фо́рма', 'компле́кция']","['Физиоло́гия челове́ка и живо́тных ', 'Челове́ческое те́ло — физическая структура человека, человеческий организм.', 'Тело человеческой особи']",[],[],"['Челове́ческое те́ло — физическая структура человека, человеческий организм.', 'Физиоло́гия челове́ка и живо́тных ', 'Тело человеческой особи']"
garden,bn:00037300n,['сад'],"['Сад — территория с посаженными человеком плодовыми деревьями и кустарниками.', 'Территория с посаженными человеком плодовыми деревьями и кустарниками (в других языках понятие означает земля для выращивания растений)']","[('___ — территория с посаженными человеком плодовыми деревьями и кустарниками.', ('сад',))]","[('___ — территория с посаженными человеком плодовыми деревьями и кустарниками.', ('сад',))]",['Территория с посаженными человеком плодовыми деревьями и кустарниками (в других языках понятие означает земля для выращивания растений)']
girl,bn:00034453n,"['девочка', 'де́вушка']","['Де́вочка — ребёнок женского пола.', 'Ребёнок женского пола']",[],[],"['Де́вочка — ребёнок женского пола.', 'Ребёнок женского пола']"
glove,bn:00040736n,"['перчатка', 'рукавица', 'перча́тка', 'рукави́ца', 'перчатки']","['Перчатки — вид одежды для кистей рук, в отличие от рукавиц — с отделениями для каждого пальца.']","[('___ — вид одежды для кистей рук, в отличие от рукавиц — с отделениями для каждого пальца.', ('перчатки', 'перча́тка', 'рукави́ца', 'перчатка', 'рукавица'))]","[('___ — вид одежды для кистей рук, в отличие от рукавиц — с отделениями для каждого пальца.', ('перчатки', 'перча́тка', 'рукави́ца', 'перчатка', 'рукавица'))]",[]
goat,bn:00015720n,"['коза', 'коза домашняя', 'домашняя коза']","['Домашняя коза ', 'Домашнее животное из рода горные козлы семейства полорогих']","[('___ ', ('домашняя коза', 'коза домашняя')), ('Домашняя ___ ', ('коза', 'коза домашняя'))]","[('___ ', ('домашняя коза', 'коза домашняя')), ('Домашняя ___ ', ('коза', 'коза домашняя'))]",['Домашнее животное из рода горные козлы семейства полорогих']
gun,bn:00042221n,"['метательное оружие', 'стреляющее оружие', 'огнестрельное оружие']","['Огнестре́льное ору́жие — оружие дальнего и ближнего боя, в котором для разгона и выбрасывания снаряда из канала ствола используется сила давления газов, образующихся при сгорании топливо-окислительных горючих смесей, как правило пороха.']",[],[],"['Огнестре́льное ору́жие — оружие дальнего и ближнего боя, в котором для разгона и выбрасывания снаряда из канала ствола используется сила давления газов, образующихся при сгорании топливо-окислительных горючих смесей, как правило пороха.']"
hair,bn:00042526n,"['волосы', 'во́лос', 'волоси́нка', 'волоси́на']",['Во́лосы'],[],"[('___ы', ('во́лос', 'волоси́нка', 'волоси́на', 'волосы'))]",[]
hammer,bn:00042730n,"['молот', 'молоток']","['Молото́к — ударный ручной инструмент, применяемый для забивания гвоздей, разбивания предметов и других работ.']",[],"[('___о́к — ударный ручной инструмент, применяемый для забивания гвоздей, разбивания предметов и других работ.', ('молот', 'молоток'))]",[]
hand,bn:00042759n,"['рука', 'кисть']","['Кисть в анатомии ', 'Дистальная часть верхней конечности']","[('___ в анатомии ', ('кисть', 'рука'))]","[('___ в анатомии ', ('кисть', 'рука'))]",['Дистальная часть верхней конечности']
hat,bn:00017718n,"['шляпа', 'шапка', 'ша́пка', 'шля́па', 'головно́й убо́р']","['Шля́па', 'Головной убор из тульи и полей']","[('___', ('шля́па', 'головно́й убо́р', 'ша́пка', 'шляпа', 'шапка'))]","[('___', ('шля́па', 'головно́й убо́р', 'ша́пка', 'шляпа', 'шапка'))]",['Головной убор из тульи и полей']
heart,bn:00043383n,"['сердце', 'сердце человека']","['Се́рдце (лат.', 'Сердце человека — это конусообразный полый мышечный орган, в который поступает кровь из впадающих в него венозных стволов и перекачивающий её в артерии, которые примыкают к сердцу.', 'Орган, обеспечивающий ток крови по кровеносным сосудам', 'конусообразный полый мышечный орган']","[('___ — это конусообразный полый мышечный орган, в который поступает кровь из впадающих в него венозных стволов и перекачивающий её в артерии, которые примыкают к сердцу.', ('сердце человека',)), ('___ человека — это конусообразный полый мышечный орган, в который поступает кровь из впадающих в него венозных стволов и перекачивающий её в артерии, которые примыкают к сердцу.', ('сердце',))]","[('___ — это конусообразный полый мышечный орган, в который поступает кровь из впадающих в него венозных стволов и перекачивающий её в артерии, которые примыкают к сердцу.', ('сердце человека',)), ('___ человека — это конусообразный полый мышечный орган, в который поступает кровь из впадающих в него венозных стволов и перекачивающий её в артерии, которые примыкают к сердцу.', ('сердце',))]","['Орган, обеспечивающий ток крови по кровеносным сосудам', 'конусообразный полый мышечный орган', 'Се́рдце (лат.']"
horn,bn:00022750n,"['варган', 'труба', 'корнет', 'труба́', 'корне́т', 'корне́т-а-писто́н']","['Труба́ ', 'Корне́т', 'духовой музыкальный инструмент']","[('___́ ', ('труба', 'корне́т-а-писто́н', 'корне́т', 'варган', 'корнет', 'труба́')), ('___', ('корне́т', 'корне́т-а-писто́н', 'варган', 'корнет', 'труба́', 'труба'))]","[('___ ', ('труба́', 'корне́т-а-писто́н', 'корне́т', 'варган', 'корнет')), ('___́ ', ('труба', 'корне́т-а-писто́н', 'корне́т', 'варган', 'корнет')), ('___', ('корне́т', 'корне́т-а-писто́н', 'варган', 'корнет', 'труба́', 'труба'))]",['духовой музыкальный инструмент']
horse,bn:00031345n,"['лошадь', 'домашняя лошадь']",['Домашняя лошадь '],"[('___ ', ('домашняя лошадь',)), ('Домашняя ___ ', ('лошадь',))]","[('___ ', ('домашняя лошадь',)), ('Домашняя ___ ', ('лошадь',))]",[]
hospital,bn:00044896n,"['больница', 'Больница']","['Больни́ца — вид гражданского стационарного медицинского учреждения, направленного на лечение больных и/или специализированную углубленную дифференциальную диагностику заболеваний в стационарных условиях.']",[],[],"['Больни́ца — вид гражданского стационарного медицинского учреждения, направленного на лечение больных и/или специализированную углубленную дифференциальную диагностику заболеваний в стационарных условиях.']"
house,bn:00044994n,"['дом', 'жилище']","['Жили́ще, жильё — традиционное сооружение или природное укрытие, приспособленное для обитания человека и некоторых животных.', 'Сооружение, предназначенное для жилья']",[],[],"['Жили́ще, жильё — традиционное сооружение или природное укрытие, приспособленное для обитания человека и некоторых животных.', 'Сооружение, предназначенное для жилья']"
island,bn:00047612n,['остров'],"['О́стров — участок суши в океане, море, озере или на реке, окружённый со всех сторон водой и постоянно возвышающийся над водой даже в период наибольшего прилива.', 'Участок суши, окружённый со всех сторон водой и постоянно возвышающийся над водой даже в период наибольшего прилива']",[],[],"['О́стров — участок суши в океане, море, озере или на реке, окружённый со всех сторон водой и постоянно возвышающийся над водой даже в период наибольшего прилива.', 'Участок суши, окружённый со всех сторон водой и постоянно возвышающийся над водой даже в период наибольшего прилива']"
jewel,bn:00037606n,"['самоцвет', 'драгоценный камень', 'самоцве́т', 'драгоценные камни', 'драгоце́нный ка́мень']","['Драгоценные камни — минералы, относимые к самым дорогим материалам.']","[('___ — минералы, относимые к самым дорогим материалам.', ('драгоценные камни', 'драгоце́нный ка́мень', 'драгоценный камень', 'самоцве́т', 'самоцвет'))]","[('___ — минералы, относимые к самым дорогим материалам.', ('драгоценные камни', 'драгоце́нный ка́мень', 'драгоценный камень', 'самоцве́т', 'самоцвет'))]",[]
kettle,bn:00011829n,"['котёл', 'чайник', 'ча́йник']","['Ча́йник — полое изделие различной формы с крышкой, ручкой и носиком, предназначенное для кипячения воды и заваривания чая.', 'Полое изделие различной формы с крышкой, ручкой и носиком, предназначенное для кипячения.']","[('___ — полое изделие различной формы с крышкой, ручкой и носиком, предназначенное для кипячения воды и заваривания чая.', ('ча́йник', 'чайник', 'котёл'))]","[('___ — полое изделие различной формы с крышкой, ручкой и носиком, предназначенное для кипячения воды и заваривания чая.', ('ча́йник', 'чайник', 'котёл'))]","['Полое изделие различной формы с крышкой, ручкой и носиком, предназначенное для кипячения.']"
key,bn:00048985n,"['кпюч', 'Замковый ключ', 'ключ']","['Ключ — инструмент, предназначенный для открытия замко́в.']","[('___ — инструмент, предназначенный для открытия замко́в.', ('ключ', 'Замковый ключ', 'кпюч'))]","[('___ — инструмент, предназначенный для открытия замко́в.', ('ключ', 'Замковый ключ', 'кпюч'))]",[]
knee,bn:00006140n,"['колено', 'коленный сустав']","['Коле́нный сустав, коле́но ']",[],[],"['Коле́нный сустав, коле́но ']"
knife,bn:00049322n,"['нож', 'но́жик']","['Нож (праслав.', 'Колющий, рубящий или режущий инструмент']","[('___ (праслав.', ('нож', 'но́жик'))]","[('___ (праслав.', ('нож', 'но́жик'))]","['Колющий, рубящий или режущий инструмент']"
knot,bn:00049367n,['узел'],['У́зел'],[],[],['У́зел']
leaf,bn:00035596n,"['лист', 'листва']",['Лист '],"[('___ ', ('лист', 'листва'))]","[('___ ', ('лист', 'листва'))]",[]
leg,bn:00050541n,"['нога', 'нога человека', 'Нога человека']","['Нога — парный орган опоры и движения человека.', 'Нижняя конечность человека']","[('___ — парный орган опоры и движения человека.', ('нога', 'нога человека', 'Нога человека'))]","[('___ — парный орган опоры и движения человека.', ('нога', 'нога человека', 'Нога человека'))]",['Нижняя конечность человека']
line,bn:00076373n,"['видео', 'телевидение', 'видеолента', 'ТВ', 'телеви́дение']","['Телеви́дение — технология электросвязи, предназначенная для передачи на расстояние движущегося изображения.', 'Ви́део (от лат.', 'Электронная среда для динамического изображения', 'Средство массовой информации, отрасль экономики']","[('___ — технология электросвязи, предназначенная для передачи на расстояние движущегося изображения.', ('телеви́дение', 'телевидение', 'видеолента', 'видео', 'ТВ'))]","[('___ — технология электросвязи, предназначенная для передачи на расстояние движущегося изображения.', ('телеви́дение', 'телевидение', 'видеолента', 'видео', 'ТВ'))]","['Электронная среда для динамического изображения', 'Средство массовой информации, отрасль экономики', 'Ви́део (от лат.']"
lip,bn:00051440n,"['губа', 'губы']",['Гу́бы рта '],[],[],['Гу́бы рта ']
map,bn:00036821n,"['отображение', 'математическая функция', 'однозначная функция', 'функция']","['Фу́нкцией называется соответствие между двумя множествами, при котором каждому элементу одного множества соответствует единственный элемент другого множества.', 'Математическое бинарное отношение, такое что для каждого элемента слева существует ровно один соответствующий элемент справа']",[],[],"['Фу́нкцией называется соответствие между двумя множествами, при котором каждому элементу одного множества соответствует единственный элемент другого множества.', 'Математическое бинарное отношение, такое что для каждого элемента слева существует ровно один соответствующий элемент справа']"
match,bn:00036522n,"['спичка', 'спи́чка']","['Спи́чка — палочка из дерева, картона или бумаги, снабжённая зажигательной головкой, служащая для получения открытого огня.', 'Одноразовая деревянная (реже картонная) палочка, служащая инструментом для розжига огня']","[('___ — палочка из дерева, картона или бумаги, снабжённая зажигательной головкой, служащая для получения открытого огня.', ('спи́чка', 'спичка'))]","[('___ — палочка из дерева, картона или бумаги, снабжённая зажигательной головкой, служащая для получения открытого огня.', ('спи́чка', 'спичка'))]","['Одноразовая деревянная (реже картонная) палочка, служащая инструментом для розжига огня']"
monkey,bn:00055685n,"['обезьяна', 'обезьяны']","['Обезья́ны — группа млекопитающих из отряда приматов.', 'Группа приматов']",[],[],"['Обезья́ны — группа млекопитающих из отряда приматов.', 'Группа приматов']"
moon,bn:00055813n,"['луна', 'естественный спутник']","['Естественный спу́тник — небесное тело, обращающееся по определённой траектории вокруг другого объекта в космическом пространстве под действием гравитации.', 'Естественный спутник планеты.']","[('___ планеты.', ('естественный спутник', 'луна'))]","[('___ планеты.', ('естественный спутник', 'луна'))]","['Естественный спу́тник — небесное тело, обращающееся по определённой траектории вокруг другого объекта в космическом пространстве под действием гравитации.']"
muscle,bn:00056377n,"['мышцы', 'му́скул', 'мы́шца', 'мышца']","['Мы́шцы', 'органы, состоящие из мышечной ткани']",[],[],"['органы, состоящие из мышечной ткани', 'Мы́шцы']"
nail,bn:00056727n,"['ноготь', 'но́готь', 'ногти']","['Но́гти [unguis ; ungues ] — придатки кожи в виде плотных роговых пластинок на тыльной поверхности концов пальцев верхних и нижних конечностей человека и большинства приматов.', 'роговые пластины']",[],[],"['Но́гти [unguis ; ungues ] — придатки кожи в виде плотных роговых пластинок на тыльной поверхности концов пальцев верхних и нижних конечностей человека и большинства приматов.', 'роговые пластины']"
neck,bn:00017395n,"['шея', 'вы́я', 'ше́я']","['Ше́я — часть тела позвоночных, соединяющая голову с туловищем.', 'часть тела позвоночных, соединяющая голову с туловищем']","[('___ — часть тела позвоночных, соединяющая голову с туловищем.', ('ше́я', 'вы́я', 'шея'))]","[('___ — часть тела позвоночных, соединяющая голову с туловищем.', ('ше́я', 'вы́я', 'шея'))]","['часть тела позвоночных, соединяющая голову с туловищем']"
nerve,bn:00057322n,['нерв'],['Нерв (лат.'],"[('___ (лат.', ('нерв',))]","[('___ (лат.', ('нерв',))]",[]
net,bn:00024712n,"['Интернет', 'компьютерная сеть', 'киберпространство', 'сеть', 'интерне́т']","['Киберпространство ', 'Интерне́т ', 'Всемирная система объединённых компьютерных сетей']","[('___ ', ('киберпространство', 'компьютерная сеть', 'интерне́т', 'Интернет', 'сеть')), ('___ ', ('интерне́т', 'компьютерная сеть', 'киберпространство', 'Интернет', 'сеть'))]","[('___ ', ('киберпространство', 'компьютерная сеть', 'интерне́т', 'Интернет', 'сеть')), ('___ ', ('интерне́т', 'компьютерная сеть', 'киберпространство', 'Интернет', 'сеть'))]",['Всемирная система объединённых компьютерных сетей']
nose,bn:00058117n,['нос'],"['Нос', 'Часть лица или морды, участвующая в дыхании, обонянии, добыче корма и общении']","[('___', ('нос',))]","[('___', ('нос',))]","['Часть лица или морды, участвующая в дыхании, обонянии, добыче корма и общении']"
nut,bn:00058343n,['гайка'],"['Га́йка — крепёжное изделие с резьбовым отверстием, образующее разборное соединение с помощью винта, болта или шпильки.', 'крепёжное изделие с резьбовым отверстием']",[],[],"['Га́йка — крепёжное изделие с резьбовым отверстием, образующее разборное соединение с помощью винта, болта или шпильки.', 'крепёжное изделие с резьбовым отверстием']"
office,bn:00001961n,"['офис', 'орган публичной власти', 'аге́нтство', 'правительственный офис', 'о́рган']","['Органы публичной вла́сти — организации, реализующие публичную власть в обществе и государстве.', 'Помещение, здание, комплекс зданий, в котором работают служащие предприятия']",[],[],"['Органы публичной вла́сти — организации, реализующие публичную власть в обществе и государстве.', 'Помещение, здание, комплекс зданий, в котором работают служащие предприятия']"
orange,bn:00059250n,"['оранжевый', 'ора́нжевый', 'оранжевый цвет', 'ора́нжевый цвет']","['Ора́нжевый — цвет, промежуточный в спектре электромагнитного излучения оптического диапазона между красным и жёлтым.']","[('___ — цвет, промежуточный в спектре электромагнитного излучения оптического диапазона между красным и жёлтым.', ('ора́нжевый', 'ора́нжевый цвет', 'оранжевый цвет', 'оранжевый'))]","[('___ — цвет, промежуточный в спектре электромагнитного излучения оптического диапазона между красным и жёлтым.', ('ора́нжевый', 'ора́нжевый цвет', 'оранжевый цвет', 'оранжевый'))]",[]
oven,bn:00059829n,"['печь', 'духо́вка', 'пе́чка']","['Печь — нагревательное устройство для отопления, приготовления пищи или термообработки материалов.', 'Изолированная камера, предназначенная для нагрева или сушки чего-либо, или приготовления пищи']","[('___ — нагревательное устройство для отопления, приготовления пищи или термообработки материалов.', ('печь', 'духо́вка', 'пе́чка'))]","[('___ — нагревательное устройство для отопления, приготовления пищи или термообработки материалов.', ('печь', 'духо́вка', 'пе́чка'))]","['Изолированная камера, предназначенная для нагрева или сушки чего-либо, или приготовления пищи']"
pen,bn:00061314n,"['ручка', 'перо', 'авторучка']","['Ручка — письменная принадлежность, с помощью которой можно оставить чернильный след на поверхности.', 'Письменная принадлежность']","[('___ — письменная принадлежность, с помощью которой можно оставить чернильный след на поверхности.', ('ручка', 'авторучка', 'перо'))]","[('___ — письменная принадлежность, с помощью которой можно оставить чернильный след на поверхности.', ('ручка', 'авторучка', 'перо'))]",['Письменная принадлежность']
pencil,bn:00061334n,['карандаш'],"['Каранда́ш ', 'Инструмент в виде стержня, изготавливаемого из пишущего материала, применяемый для письма, рисования, черчения']",[],[],"['Инструмент в виде стержня, изготавливаемого из пишущего материала, применяемый для письма, рисования, черчения', 'Каранда́ш ']"
picture,bn:00034471n,"['кинофильм', 'фильм']","['Фильм (англ.', 'Совокупность движущихся изображений, связанных единым сюжетом']","[('___ (англ.', ('фильм', 'кинофильм'))]","[('___ (англ.', ('фильм', 'кинофильм'))]","['Совокупность движущихся изображений, связанных единым сюжетом']"
pig,bn:00042006n,"['свинья', 'кабаны', 'вепрь', 'свинья́', 'домашняя свинья', 'бо́ров', 'Sus scrofa domestica']","['Дома́шняя свинья́ — крупное парнокопытное млекопитающее животное рода кабанов, одомашненное человеком около 7 тыс. лет назад и распространённое главным образом в странах Запада, в Восточной Азии и в Океании.', 'Кабаны, или свиньи, — род парнокопытных из семейства свиных.', 'Одомашненное животное, подвид кабана', 'Род парнокопытных']","[('Дома́шняя ___́ — крупное парнокопытное млекопитающее животное рода кабанов, одомашненное человеком около 7 тыс. лет назад и распространённое главным образом в странах Запада, в Восточной Азии и в Океании.', ('свинья', 'Sus scrofa domestica', 'домашняя свинья', 'свинья́', 'кабаны', 'бо́ров', 'вепрь')), ('___, или свиньи, — род парнокопытных из семейства свиных.', ('кабаны', 'Sus scrofa domestica', 'домашняя свинья', 'свинья́', 'свинья', 'бо́ров', 'вепрь'))]","[('Дома́шняя ___ — крупное парнокопытное млекопитающее животное рода кабанов, одомашненное человеком около 7 тыс. лет назад и распространённое главным образом в странах Запада, в Восточной Азии и в Океании.', ('свинья́', 'Sus scrofa domestica', 'домашняя свинья', 'кабаны', 'бо́ров', 'вепрь')), ('Дома́шняя ___́ — крупное парнокопытное млекопитающее животное рода кабанов, одомашненное человеком около 7 тыс. лет назад и распространённое главным образом в странах Запада, в Восточной Азии и в Океании.', ('свинья', 'Sus scrofa domestica', 'домашняя свинья', 'кабаны', 'бо́ров', 'вепрь')), ('___, или свиньи, — род парнокопытных из семейства свиных.', ('кабаны', 'Sus scrofa domestica', 'домашняя свинья', 'свинья́', 'свинья', 'бо́ров', 'вепрь'))]","['Одомашненное животное, подвид кабана', 'Род парнокопытных']"
pipe,bn:00062568n,"['труба', 'трубопровод']","['Трубопрово́д — инженерно-техническое сооружение, предназначенное для транспортировки газообразных и жидких веществ, пылевидных и разжиженных масс, а также твёрдого топлива и иных твёрдых веществ в виде раствора под воздействием разницы давлений в поперечных сечениях трубы.', 'Труба́ - промышленное изделие, представляющее собой пустотелый цилиндрический профиль постоянного сечения длиной обычно 3 м, 6 м, 12 м, большей или заказанной длины.', 'система труб для транспорта газов или жидкостей']","[('___́ - промышленное изделие, представляющее собой пустотелый цилиндрический профиль постоянного сечения длиной обычно 3 м, 6 м, 12 м, большей или заказанной длины.', ('труба', 'трубопровод'))]","[('___́ - промышленное изделие, представляющее собой пустотелый цилиндрический профиль постоянного сечения длиной обычно 3 м, 6 м, 12 м, большей или заказанной длины.', ('труба', 'трубопровод'))]","['Трубопрово́д — инженерно-техническое сооружение, предназначенное для транспортировки газообразных и жидких веществ, пылевидных и разжиженных масс, а также твёрдого топлива и иных твёрдых веществ в виде раствора под воздействием разницы давлений в поперечных сечениях трубы.', 'система труб для транспорта газов или жидкостей']"
plane,bn:00001697n,"['самолёт', 'аэроплан', 'аэропла́н']","['Самолёт', 'Воздушное судно с силовой установкой и неподвижной относительно фюзеляжа центральной частью крыла']","[('___', ('самолёт', 'аэропла́н', 'аэроплан'))]","[('___', ('самолёт', 'аэропла́н', 'аэроплан'))]",['Воздушное судно с силовой установкой и неподвижной относительно фюзеляжа центральной частью крыла']
plate,bn:00050990n,"['автомоби́льный но́мер', 'номерно́й знак', 'автомобильный номер', 'автомобильные номера']","['Автомоби́льный но́мер — индивидуальный регистрационный знак транспортного средства.', 'Индивидуальный регистрационный знак (номер) автомобиля']","[('___ — индивидуальный регистрационный знак транспортного средства.', ('автомоби́льный но́мер', 'автомобильные номера', 'автомобильный номер', 'номерно́й знак'))]","[('___ — индивидуальный регистрационный знак транспортного средства.', ('автомоби́льный но́мер', 'автомобильные номера', 'автомобильный номер', 'номерно́й знак'))]",['Индивидуальный регистрационный знак (номер) автомобиля']
plough,bn:00063057n,['плуг'],"['Плуг — орудие для вспашки плотной почвы, поднятия целины.', 'Сельскохозяйственное орудие для основной обработки почвы']","[('___ — орудие для вспашки плотной почвы, поднятия целины.', ('плуг',))]","[('___ — орудие для вспашки плотной почвы, поднятия целины.', ('плуг',))]",['Сельскохозяйственное орудие для основной обработки почвы']
pocket,bn:00063155n,"['карман', 'карман брюк', 'карма́н', 'карма́шек']","['Карман —', 'Сопутствующее хранилище, часть предмета одежды']","[('___ —', ('карман', 'карман брюк', 'карма́шек', 'карма́н'))]","[('___ —', ('карман', 'карман брюк', 'карма́шек', 'карма́н'))]","['Сопутствующее хранилище, часть предмета одежды']"
potato,bn:00047481n,['картофель'],"['Карто́фель, или Паслён клубнено́сный ', 'Вид растений семейства Паслёновые']",[],[],"['Карто́фель, или Паслён клубнено́сный ', 'Вид растений семейства Паслёновые']"
prison,bn:00064468n,"['тюрьма', 'тюряга', 'острог', 'каталажка', 'узилище', 'кутузка']","['Тюрьма́', 'Место, где люди содержатся в заключении']","[('___́', ('тюрьма', 'каталажка', 'узилище', 'кутузка', 'тюряга', 'острог'))]","[('___́', ('тюрьма', 'каталажка', 'узилище', 'кутузка', 'тюряга', 'острог'))]","['Место, где люди содержатся в заключении']"
rail,bn:00077838n,"['колея', 'рельсы', 'железнодорожный путь']","['Железнодорожный путь — комплекс инженерных сооружений, образующих в полосе отвода дорогу с направляющей рельсовой колеёй.', 'Элемент инфраструктуры железнодорожного транспорта']","[('___ — комплекс инженерных сооружений, образующих в полосе отвода дорогу с направляющей рельсовой колеёй.', ('железнодорожный путь', 'рельсы', 'колея'))]","[('___ — комплекс инженерных сооружений, образующих в полосе отвода дорогу с направляющей рельсовой колеёй.', ('железнодорожный путь', 'рельсы', 'колея'))]",['Элемент инфраструктуры железнодорожного транспорта']
rat,bn:00056119n,"['домовые мыши', 'мышь']","['Домовые мыши ', 'Разговорное название животных семейства Muridae']","[('___ ', ('домовые мыши', 'мышь'))]","[('___ ', ('домовые мыши', 'мышь'))]",['Разговорное название животных семейства Muridae']
receipt,bn:00000746n,"['счет', 'Инвойс', 'счёт-факту́ра', 'инвойс', 'инво́йс', 'счёт', 'факту́ра', 'накладна́я']",['Инвойс '],"[('___ ', ('Инвойс', 'счёт-факту́ра', 'накладна́я', 'факту́ра', 'инво́йс', 'счет', 'счёт')), ('___ ', ('инвойс', 'счёт-факту́ра', 'накладна́я', 'факту́ра', 'инво́йс', 'счет', 'счёт'))]","[('___ ', ('Инвойс', 'счёт-факту́ра', 'накладна́я', 'факту́ра', 'инво́йс', 'счет', 'счёт')), ('___ ', ('инвойс', 'счёт-факту́ра', 'накладна́я', 'факту́ра', 'инво́йс', 'счет', 'счёт'))]",[]
rod,bn:00022813n,"['телесные наказания', 'теле́сное наказа́ние']","['Теле́сные наказа́ния — одна из наиболее древних форм физического насилия, мер наказания, заключающаяся в причинении наказуемому лицу физической боли, увечья или того и другого сразу.', 'Мера наказания, заключающаяся в причинении наказуемому лицу физической боли или увечья']",[],[],"['Теле́сные наказа́ния — одна из наиболее древних форм физического насилия, мер наказания, заключающаяся в причинении наказуемому лицу физической боли, увечья или того и другого сразу.', 'Мера наказания, заключающаяся в причинении наказуемому лицу физической боли или увечья']"
roof,bn:00068220n,['крыша'],"['Покрытие здания или крыша — верхняя конструкция здания, которая служит для защиты от атмосферных осадков, дождевой и талой воды.']","[('Покрытие здания или ___ — верхняя конструкция здания, которая служит для защиты от атмосферных осадков, дождевой и талой воды.', ('крыша',))]","[('Покрытие здания или ___ — верхняя конструкция здания, которая служит для защиты от атмосферных осадков, дождевой и талой воды.', ('крыша',))]",[]
sail,bn:00068849n,"['парусник', 'парусное судно', 'па́русное су́дно', 'па́русник']","['Пáрусное су́дно — судно, которое использует парус и силу ветра для движения.']",[],[],"['Пáрусное су́дно — судно, которое использует парус и силу ветра для движения.']"
school,bn:00069619n,"['университет', 'школа', 'шко́ла', 'учи́лище']","['Шко́ла (от др.-греч.', 'учебное заведение для детей и подростков']","[('___ (от др.-греч.', ('шко́ла', 'университет', 'учи́лище', 'школа'))]","[('___ (от др.-греч.', ('шко́ла', 'университет', 'учи́лище', 'школа'))]",['учебное заведение для детей и подростков']
scissors,bn:00060209n,"['ножницы', 'Ножницы', 'но́жницы']",['Но́жницы — инструмент для разрезания относительно тонких материалов.'],"[('___ — инструмент для разрезания относительно тонких материалов.', ('но́жницы', 'ножницы', 'Ножницы'))]","[('___ — инструмент для разрезания относительно тонких материалов.', ('но́жницы', 'ножницы', 'Ножницы'))]",[]
screw,bn:00069863n,['винт'],"['Винт', 'Простейший механизм']","[('___', ('винт',))]","[('___', ('винт',))]",['Простейший механизм']
seed,bn:00070253n,"['се́мя', 'семя', 'семена́']","['Се́мя — особая многоклеточная структура сложного строения, служащая для размножения и расселения семенных растений, обычно развивающаяся после оплодотворения из семязачатка и содержащая зародыш.']","[('___ — особая многоклеточная структура сложного строения, служащая для размножения и расселения семенных растений, обычно развивающаяся после оплодотворения из семязачатка и содержащая зародыш.', ('се́мя', 'семена́', 'семя'))]","[('___ — особая многоклеточная структура сложного строения, служащая для размножения и расселения семенных растений, обычно развивающаяся после оплодотворения из семязачатка и содержащая зародыш.', ('се́мя', 'семена́')), ('Се́мя — особая многоклеточная структура сложного строения, служащая для размножения и расселения семенных растений, обычно развивающаяся после оплодотворения из ___зачатка и содержащая зародыш.', ('семя', 'семена́'))]",[]
sheep,bn:00070967n,"['овца', 'овечьи', 'Ovis aries', 'овца́', 'Ovis orientalis aries']","['Домашняя овца — парнокопытное млекопитающее из рода баранов, семейства полорогих.', 'Парнокопытное млекопитающее из рода баранов семейства полорогих']","[('Домашняя ___ — парнокопытное млекопитающее из рода баранов, семейства полорогих.', ('овца', 'Ovis orientalis aries', 'Ovis aries', 'овечьи', 'овца́'))]","[('Домашняя ___ — парнокопытное млекопитающее из рода баранов, семейства полорогих.', ('овца', 'Ovis orientalis aries', 'Ovis aries', 'овечьи', 'овца́'))]",['Парнокопытное млекопитающее из рода баранов семейства полорогих']
shelf,bn:00070999n,"['полка', 'по́лка']","['По́лка — мебельное изделие без передней стенки, с задней стенкой или без неё, для размещения книг и других предметов.', 'Горизонтальная поверхность для хранения']","[('___ — мебельное изделие без передней стенки, с задней стенкой или без неё, для размещения книг и других предметов.', ('по́лка', 'полка'))]","[('___ — мебельное изделие без передней стенки, с задней стенкой или без неё, для размещения книг и других предметов.', ('по́лка', 'полка'))]",['Горизонтальная поверхность для хранения']
ship,bn:00071103n,"['судно', 'кора́бль']","['Су́дно — плавучее сооружение, предназначенное для транспортных, промысловых, военных, научных, спортивных и других целей.', 'Плавсредство, используемое для перевозок']",[],[],"['Су́дно — плавучее сооружение, предназначенное для транспортных, промысловых, военных, научных, спортивных и других целей.', 'Плавсредство, используемое для перевозок']"
shirt,bn:00071142n,"['рубашка', 'соро́чка', 'руба́шка']","['Рубашка — вид одежды, относящийся к верхнему нательному белью.']","[('___ — вид одежды, относящийся к верхнему нательному белью.', ('рубашка', 'соро́чка', 'руба́шка'))]","[('___ — вид одежды, относящийся к верхнему нательному белью.', ('рубашка', 'соро́чка', 'руба́шка'))]",[]
shoe,bn:00071172n,"['обувь', 'полуботи́нок', 'туфли', 'боти́нок', 'башма́к', 'Лёгкая обувь', 'о́бувь', 'ту́фля']","['Лёгкая обувь — обувь, предназначенная для защиты ступни.', 'Вид обуви']","[('___ — обувь, предназначенная для защиты ступни.', ('Лёгкая обувь', 'полуботи́нок', 'боти́нок', 'башма́к', 'о́бувь', 'ту́фля', 'туфли')), ('Лёгкая ___ — ___, предназначенная для защиты ступни.', ('обувь', 'полуботи́нок', 'боти́нок', 'башма́к', 'о́бувь', 'ту́фля', 'туфли'))]","[('___ — обувь, предназначенная для защиты ступни.', ('Лёгкая обувь', 'полуботи́нок', 'боти́нок', 'башма́к', 'о́бувь', 'ту́фля', 'туфли')), ('Лёгкая ___ — ___, предназначенная для защиты ступни.', ('обувь', 'полуботи́нок', 'боти́нок', 'башма́к', 'о́бувь', 'ту́фля', 'туфли'))]",['Вид обуви']
skin,bn:00024643n,['кожа'],"['Ко́жа (лат.', 'Плёнка-покров позвоночных для защиты от среды']",[],[],"['Плёнка-покров позвоночных для защиты от среды', 'Ко́жа (лат.']"
skirt,bn:00072004n,"['юбка', 'ю́бка']","['Ю́бка ', 'длинные юбки']","[('___ ', ('ю́бка', 'юбка'))]","[('___ ', ('ю́бка', 'юбка'))]",['длинные юбки']
snake,bn:00059150n,"['змея', 'змея́', 'змеи']","['Зме́и (лат.', 'Подотряд чешуйчатых пресмыкающихся', 'Пресмыкающееся из подотряда Змеи (Serpentes), обычно с чешуйчатым цилиндрическим телом без конечностей, глазами без подвижных век и подвижным соединением левой и правой частей челюстей, позволяющим заглатывать крупную добычу целиком.']","[('Пресмыкающееся из подотряда ___ (Serpentes), обычно с чешуйчатым цилиндрическим телом без конечностей, глазами без подвижных век и подвижным соединением левой и правой частей челюстей, позволяющим заглатывать крупную добычу целиком.', ('змеи', 'змея́', 'змея'))]","[('Пресмыкающееся из подотряда ___ (Serpentes), обычно с чешуйчатым цилиндрическим телом без конечностей, глазами без подвижных век и подвижным соединением левой и правой частей челюстей, позволяющим заглатывать крупную добычу целиком.', ('змеи', 'змея́', 'змея'))]","['Подотряд чешуйчатых пресмыкающихся', 'Зме́и (лат.']"
sock,bn:00072576n,"['носок', 'носки', 'носо́к']","['Носки́ — вид нательного белья, короткий чулок, не доходящий до колена.', 'Короткий чулок, не доходящий до колена']","[('___́ — вид нательного белья, короткий чулок, не доходящий до колена.', ('носки', 'носо́к', 'носок'))]","[('___́ — вид нательного белья, короткий чулок, не доходящий до колена.', ('носки', 'носо́к', 'носок'))]","['Короткий чулок, не доходящий до колена']"
sponge,bn:00060631n,['губки'],['Гу́бки (лат.'],[],[],['Гу́бки (лат.']
spoon,bn:00073547n,['ложка'],"['Ло́жка — столовый прибор, отдалённо напоминающий небольшую лопатку в виде небольшого мелкого сосуда-чашечки, соединённого перемычкой с держалом.', 'Столовый прибор']",[],[],"['Ло́жка — столовый прибор, отдалённо напоминающий небольшую лопатку в виде небольшого мелкого сосуда-чашечки, соединённого перемычкой с держалом.', 'Столовый прибор']"
spring,bn:00036077n,"['родник', 'ключ', 'студене́ц', 'родни́к', 'исто́чник']","['Родни́к — естественный выход подземных вод на земную поверхность на суше или под водой.', 'Бьющий из-под земли поток воды']","[('___ — естественный выход подземных вод на земную поверхность на суше или под водой.', ('родни́к', 'студене́ц', 'исто́чник', 'родник', 'ключ'))]","[('___ — естественный выход подземных вод на земную поверхность на суше или под водой.', ('родни́к', 'студене́ц', 'исто́чник', 'родник', 'ключ'))]",['Бьющий из-под земли поток воды']
square,bn:00036107n,['квадрат'],"['Квадра́т — правильный четырёхугольник, то есть плоский четырёхугольник, у которого все углы равны и все стороны равны.', 'Геометрическая фигура, правильный четырёхугольник']",[],[],"['Квадра́т — правильный четырёхугольник, то есть плоский четырёхугольник, у которого все углы равны и все стороны равны.', 'Геометрическая фигура, правильный четырёхугольник']"
stamp,bn:00063768n,"['марка', 'ма́рка', 'почто́вая ма́рка', 'почтовая марка']","['Почтовая марка — специальный знак почтовой оплаты, выпускаемый и продаваемый национальными почтовыми ведомствами и обладающий определённой номинальной стоимостью.', 'Специальный знак почтовой оплаты, выпускаемый и продаваемый национальными почтовыми ведомствами']","[('___ — специальный знак почтовой оплаты, выпускаемый и продаваемый национальными почтовыми ведомствами и обладающий определённой номинальной стоимостью.', ('почтовая марка', 'почто́вая ма́рка', 'ма́рка')), ('Почтовая ___ — специальный знак почтовой оплаты, выпускаемый и продаваемый национальными почтовыми ведомствами и обладающий определённой номинальной стоимостью.', ('марка', 'почто́вая ма́рка', 'ма́рка'))]","[('___ — специальный знак почтовой оплаты, выпускаемый и продаваемый национальными почтовыми ведомствами и обладающий определённой номинальной стоимостью.', ('почтовая марка', 'почто́вая ма́рка', 'ма́рка')), ('Почтовая ___ — специальный знак почтовой оплаты, выпускаемый и продаваемый национальными почтовыми ведомствами и обладающий определённой номинальной стоимостью.', ('марка', 'почто́вая ма́рка', 'ма́рка'))]","['Специальный знак почтовой оплаты, выпускаемый и продаваемый национальными почтовыми ведомствами']"
star,bn:00073964n,"['звезда', 'звезда́']","['Звезда́ — массивное самосветящееся небесное тело, состоящее из газа и плазмы, в котором происходят, происходили или будут происходить термоядерные реакции.', 'Массивное небесное тело, состоящее из газа и плазмы, и способное к поддержанию теромоядерных реакций']","[('___́ — массивное самосветящееся небесное тело, состоящее из газа и плазмы, в котором происходят, происходили или будут происходить термоядерные реакции.', ('звезда', 'звезда́'))]","[('___ — массивное самосветящееся небесное тело, состоящее из газа и плазмы, в котором происходят, происходили или будут происходить термоядерные реакции.', ('звезда́',)), ('___́ — массивное самосветящееся небесное тело, состоящее из газа и плазмы, в котором происходят, происходили или будут происходить термоядерные реакции.', ('звезда',))]","['Массивное небесное тело, состоящее из газа и плазмы, и способное к поддержанию теромоядерных реакций']"
stem,bn:00073868n,"['сте́бель', 'стебель', 'стебло́']","['Сте́бель — удлинённый побег высших растений, служащий механической осью, а также выполняющий функцию проводящей и опорной базы для листьев, почек, цветков.']","[('___ — удлинённый побег высших растений, служащий механической осью, а также выполняющий функцию проводящей и опорной базы для листьев, почек, цветков.', ('сте́бель', 'стебель', 'стебло́'))]","[('___ — удлинённый побег высших растений, служащий механической осью, а также выполняющий функцию проводящей и опорной базы для листьев, почек, цветков.', ('сте́бель', 'стебель', 'стебло́'))]",[]
stick,bn:00019079n,['сигара'],['Сига́ра'],[],[],['Сига́ра']
stocking,bn:00074376n,['чулки'],['Чулки́ — вид одежды для нижней части ног.'],"[('___́ — вид одежды для нижней части ног.', ('чулки',))]","[('___́ — вид одежды для нижней части ног.', ('чулки',))]",[]
stomach,bn:00012886n,"['желудок', 'желудок человека', 'Желудок человека']","['Желу́док (лат.', 'Орган человека']",[],[],"['Желу́док (лат.', 'Орган человека']"
store,bn:00021483n,"['устройство хранения информации', 'запоминающее устройство', 'компью́терная па́мять', 'компьютерная память', 'компьютерное хранилище данных', 'па́мять']","['Компью́терная па́мять — часть вычислительной машины, физическое устройство или среда для хранения данных, используемая в вычислениях систем в течение определённого времени.', 'Часть вычислительной машины, физическое устройство или среда для хранения данных, используемая в вычислениях систем в течение определённого времени']","[('___ — часть вычислительной машины, физическое устройство или среда для хранения данных, используемая в вычислениях систем в течение определённого времени.', ('компью́терная па́мять', 'устройство хранения информации', 'компьютерное хранилище данных', 'запоминающее устройство', 'компьютерная память')), ('Компью́терная ___ — часть вычислительной машины, физическое устройство или среда для хранения данных, используемая в вычислениях систем в течение определённого времени.', ('па́мять', 'устройство хранения информации', 'компьютерное хранилище данных', 'запоминающее устройство', 'компьютерная память'))]","[('___ — часть вычислительной машины, физическое устройство или среда для хранения данных, используемая в вычислениях систем в течение определённого времени.', ('компью́терная па́мять', 'устройство хранения информации', 'компьютерное хранилище данных', 'запоминающее устройство', 'компьютерная память')), ('Компью́терная ___ — часть вычислительной машины, физическое устройство или среда для хранения данных, используемая в вычислениях систем в течение определённого времени.', ('па́мять', 'устройство хранения информации', 'компьютерное хранилище данных', 'запоминающее устройство', 'компьютерная память'))]","['Часть вычислительной машины, физическое устройство или среда для хранения данных, используемая в вычислениях систем в течение определённого времени']"
sun,bn:00028190n,"['воскресенье', 'неде́ля', 'воскресе́нье', 'День Господень']","['Воскресе́нье — день недели между субботой и понедельником.', 'День недели']","[('___ — день недели между субботой и понедельником.', ('воскресе́нье', 'День Господень', 'воскресенье', 'неде́ля'))]","[('___ — день недели между субботой и понедельником.', ('воскресе́нье', 'День Господень', 'воскресенье', 'неде́ля'))]",['День недели']
table,bn:00075813n,['стол'],"['Стол — предмет мебели, имеющий приподнятую горизонтальную или наклонную поверхность и предназначенный для размещения предметов, выполнения работ, принятия пищи, игр, рисования, обучения и другой деятельности.', 'Мебельное изделие с плоской горизонтальной поверхностью, предназначенное для выполнения различных работ или принятия пищи']","[('___ — предмет мебели, имеющий приподнятую горизонтальную или наклонную поверхность и предназначенный для размещения предметов, выполнения работ, принятия пищи, игр, рисования, обучения и другой деятельности.', ('стол',))]","[('___ — предмет мебели, имеющий приподнятую горизонтальную или наклонную поверхность и предназначенный для размещения предметов, выполнения работ, принятия пищи, игр, рисования, обучения и другой деятельности.', ('стол',))]","['Мебельное изделие с плоской горизонтальной поверхностью, предназначенное для выполнения различных работ или принятия пищи']"
tail,bn:00075904n,['хвост'],"['Хвост в сравнительной анатомии — отдел сегментированного тела, располагающийся позади анального отверстия и не содержащий кишечника.', 'Отдел сегментированного тела, располагающийся позади анального отверстия и не содержащий кишечника']","[('___ в сравнительной анатомии — отдел сегментированного тела, располагающийся позади анального отверстия и не содержащий кишечника.', ('хвост',))]","[('___ в сравнительной анатомии — отдел сегментированного тела, располагающийся позади анального отверстия и не содержащий кишечника.', ('хвост',))]","['Отдел сегментированного тела, располагающийся позади анального отверстия и не содержащий кишечника']"
thread,bn:00077028n,"['пряжа', 'пря́жа', 'нить', 'ни́тка']","['Пря́жа — нить, скрученная из продольно и последовательно расположенных волокон.']","[('___ — нить, скрученная из продольно и последовательно расположенных волокон.', ('пря́жа', 'ни́тка', 'пряжа')), ('Пря́жа — ___, скрученная из продольно и последовательно расположенных волокон.', ('нить', 'ни́тка', 'пряжа'))]","[('___ — нить, скрученная из продольно и последовательно расположенных волокон.', ('пря́жа', 'ни́тка', 'пряжа')), ('Пря́жа — ___, скрученная из продольно и последовательно расположенных волокон.', ('нить', 'ни́тка', 'пряжа'))]",[]
throat,bn:00061897n,"['горло', 'го́рло', 'гло́тка']",['Го́рло — часть шеи впереди позвоночного столба.'],"[('___ — часть шеи впереди позвоночного столба.', ('го́рло', 'гло́тка', 'горло'))]","[('___ — часть шеи впереди позвоночного столба.', ('го́рло', 'гло́тка', 'горло'))]",[]
thumb,bn:00063376n,"['большой палец', 'большо́й па́лец']","['Большой палец руки — I палец кисти человека, противопоставленный остальным пальцам.', 'Палец кисти человека']","[('___ руки — I палец кисти человека, противопоставленный остальным пальцам.', ('большой палец', 'большо́й па́лец'))]","[('___ руки — I палец кисти человека, противопоставленный остальным пальцам.', ('большой палец', 'большо́й па́лец'))]",['Палец кисти человека']
ticket,bn:00033665n,"['плата за проезд', 'пла́та за прое́зд', 'оплата стоимости проезда', 'цена́ биле́та']",['Оплата проезда в общественном транспорте'],[],[],['Оплата проезда в общественном транспорте']
toe,bn:00077465n,"['мизинец', 'палец', 'па́лец на ноге́', 'палец стопы', 'па́лец ноги́', 'па́лец']","['Па́льцы стопы́, па́льцы ноги́ — части стопы человека, которые являются наиболее дистальными по отношению к телу.']",[],[],"['Па́льцы стопы́, па́льцы ноги́ — части стопы человека, которые являются наиболее дистальными по отношению к телу.']"
tooth,bn:00077593n,"['зуб', 'зубы человека', 'Зубы человека']","['Зуб — костное образование, во множестве расположенное в ротовой полости большинства позвоночных.', 'Зубы — органы в ротовой полости человека, служащие для первичной механической обработки пищи.', 'Образования, состоящие в основном из твердых тканей, предназначенные для первичной механической обработки пищи']","[('___ — костное образование, во множестве расположенное в ротовой полости большинства позвоночных.', ('зуб', 'зубы человека', 'Зубы человека'))]","[('___ — костное образование, во множестве расположенное в ротовой полости большинства позвоночных.', ('зуб', 'зубы человека', 'Зубы человека')), ('___ы — органы в ротовой полости человека, служащие для первичной механической обработки пищи.', ('зуб', 'зубы человека', 'Зубы человека'))]","['Образования, состоящие в основном из твердых тканей, предназначенные для первичной механической обработки пищи']"
town,bn:00077773n,"['малый город', 'бург']","['Малый город — это поселение, которое больше, чем сельский населённый пункт, но меньше, чем крупный город.', 'Тип поселения, меньше, чем город']","[('___ — это поселение, которое больше, чем сельский населённый пункт, но меньше, чем крупный город.', ('малый город', 'бург'))]","[('___ — это поселение, которое больше, чем сельский населённый пункт, но меньше, чем крупный город.', ('малый город', 'бург'))]","['Тип поселения, меньше, чем город']"
train,bn:00066028n,['поезд'],"['По́езд в современном понятии — сформированный и сцепленный состав, состоящий из группы вагонов, с одним или несколькими действующими локомотивами или моторными вагонами, приводящими его в движение, и имеющий установленные сигналы, которые обозначают его голову и хвост.', 'Состав сцепленных железнодорожных вагонов, приводимых в движение локомотивом или моторным вагоном']",[],[],"['По́езд в современном понятии — сформированный и сцепленный состав, состоящий из группы вагонов, с одним или несколькими действующими локомотивами или моторными вагонами, приводящими его в движение, и имеющий установленные сигналы, которые обозначают его голову и хвост.', 'Состав сцепленных железнодорожных вагонов, приводимых в движение локомотивом или моторным вагоном']"
tray,bn:00078102n,"['лоток', 'поднос']","['Подно́с — плоское изделие различной формы, предназначенное для подачи блюд к столу или используемое в качестве подставки для блюд.']",[],[],"['Подно́с — плоское изделие различной формы, предназначенное для подачи блюд к столу или используемое в качестве подставки для блюд.']"
tree,bn:00078131n,['дерево'],"['Де́рево (лат.', 'Жизненная форма деревянистых растений с единственной, отчётливо выраженной главной осью — стволом', 'Большое деревянное растение с чётким стволом которым имеет ветви или листья в какое-то положение над землёй.']",[],[],"['Большое деревянное растение с чётким стволом которым имеет ветви или листья в какое-то положение над землёй.', 'Жизненная форма деревянистых растений с единственной, отчётливо выраженной главной осью — стволом', 'Де́рево (лат.']"
trousers,bn:00060423n,['брюки'],['Брю́ки'],[],[],['Брю́ки']
umbrella,bn:00078920n,['зонт'],"['Зонт, зонтик ', 'Приспособление от дождя и солнца']","[('___, зонтик ', ('зонт',))]","[('___, ___ик ', ('зонт',))]",['Приспособление от дождя и солнца']
wall,bn:00080386n,['стена'],"['Стена́ — структурный элемент в архитектуре и строительстве, создающий внешний периметр здания или помещения в виде вертикальной ограждающей конструкции, отделяющей помещение от окружающего пространства или соседних комнат.', 'Вертикальная плоскость для разделения пространства']","[('___́ — структурный элемент в архитектуре и строительстве, создающий внешний периметр здания или помещения в виде вертикальной ограждающей конструкции, отделяющей помещение от окружающего пространства или соседних комнат.', ('стена',))]","[('___́ — структурный элемент в архитектуре и строительстве, создающий внешний периметр здания или помещения в виде вертикальной ограждающей конструкции, отделяющей помещение от окружающего пространства или соседних комнат.', ('стена',))]",['Вертикальная плоскость для разделения пространства']
watch,bn:00077172n,"['наручные часы', 'часы', 'наручные или карманные часы', 'часы́', 'Переносные часы', 'нару́чные часы́']","['Нару́чные часы́ — прибор, носимый на запястье и служащий для определения текущего времени и измерения временны́х интервалов.', 'Переносные часы ']","[('Нару́чные ___́ — прибор, носимый на запястье и служащий для определения текущего времени и измерения временны́х интервалов.', ('часы', 'наручные или карманные часы', 'Переносные часы', 'нару́чные часы́', 'наручные часы', 'часы́')), ('___ ', ('Переносные часы', 'наручные или карманные часы', 'нару́чные часы́', 'наручные часы', 'часы́')), ('Переносные ___ ', ('часы', 'наручные или карманные часы', 'нару́чные часы́', 'наручные часы', 'часы́'))]","[('___ — прибор, носимый на запястье и служащий для определения текущего времени и измерения временны́х интервалов.', ('нару́чные часы́', 'наручные или карманные часы', 'Переносные часы', 'наручные часы')), ('Нару́чные ___ — прибор, носимый на запястье и служащий для определения текущего времени и измерения временны́х интервалов.', ('часы́', 'наручные или карманные часы', 'Переносные часы', 'наручные часы')), ('Нару́чные ___́ — прибор, носимый на запястье и служащий для определения текущего времени и измерения временны́х интервалов.', ('часы', 'наручные или карманные часы', 'Переносные часы', 'наручные часы')), ('___ ', ('Переносные часы', 'наручные или карманные часы', 'нару́чные часы́', 'наручные часы', 'часы́')), ('Переносные ___ ', ('часы', 'наручные или карманные часы', 'нару́чные часы́', 'наручные часы', 'часы́'))]",[]
wheel,bn:00010248n,"['велосипед', 'велосипе́д', 'ве́лик']","['Велосипе́д ', 'Двухколёсное транспортное средство, приводимое в движение посредством педалей']","[('___ ', ('велосипе́д', 'велосипед', 'ве́лик'))]","[('___ ', ('велосипе́д', 'велосипед', 'ве́лик'))]","['Двухколёсное транспортное средство, приводимое в движение посредством педалей']"
whip,bn:00081007n,"['бич', 'нага́йка', 'кнут', 'бато́г', 'плеть', 'плётка', 'хлыст']","['Плеть — инструмент, представляющий собой верёвки или ремни, соединённые на рукоятке.']","[('___ — инструмент, представляющий собой верёвки или ремни, соединённые на рукоятке.', ('плеть', 'нага́йка', 'бато́г', 'плётка', 'хлыст', 'кнут', 'бич'))]","[('___ — инструмент, представляющий собой верёвки или ремни, соединённые на рукоятке.', ('плеть', 'нага́йка', 'бато́г', 'плётка', 'хлыст', 'кнут', 'бич'))]",[]
whistle,bn:00081044n,"['свисток', 'Свисток']","['Свисто́к — устройство, преобразующее кинетическую энергию струи газа или жидкости в звуковые колебания.']",[],[],"['Свисто́к — устройство, преобразующее кинетическую энергию струи газа или жидкости в звуковые колебания.']"
window,bn:00081285n,"['иллюминатор', 'люк', 'окно', 'витрина']","['Окно́ — проём в стене, служащий для поступления света в помещение и вентиляции.', 'Элемент архитектуры']","[('___́ — проём в стене, служащий для поступления света в помещение и вентиляции.', ('окно', 'иллюминатор', 'витрина', 'люк'))]","[('___́ — проём в стене, служащий для поступления света в помещение и вентиляции.', ('окно', 'иллюминатор', 'витрина', 'люк'))]",['Элемент архитектуры']
wing,bn:00081336n,['крыло'],"['Крыло — парная передняя конечность у животных, придающая способность к полёту, создавая подъёмную силу, а также аэродинамическая поверхность самолёта для создания подъёмной силы летательного аппарата.']","[('___ — парная передняя конечность у животных, придающая способность к полёту, создавая подъёмную силу, а также аэродинамическая поверхность самолёта для создания подъёмной силы летательного аппарата.', ('крыло',))]","[('___ — парная передняя конечность у животных, придающая способность к полёту, создавая подъёмную силу, а также аэродинамическая поверхность самолёта для создания подъёмной силы летательного аппарата.', ('крыло',))]",[]
worm,bn:00081635n,"['червяк', 'червь', 'черви']","['Че́рви (лат.', 'устаревший тип животного царства']",[],[],"['устаревший тип животного царства', 'Че́рви (лат.']"
