fr,de,ru,en,zh,es,ja,ko,et,fi,nl,hi,it,word_original
"['cap', 'angle', 'angles opposés par le sommet', 'angles supplémentaires', 'angles adjacents', 'angles complémentaires', 'corne', 'coin', 'coin de rue']","['Kap', 'Winkel', 'Supplementwinkel', 'Horn', 'Ecke', 'Straßenecke']","['нос', 'мыс', 'угол', 'Дополнительные углы', 'Смежные углы', 'вертикальные углы', 'смежные углы', 'рог', 'у́гол у́лицы', 'у́гол']","['cape', 'headland', 'ness', 'angle', 'adjacent angle', 'supplementary angles', 'Complementary angles', 'vertically opposite angle theorem', 'vertical angles', 'horn', 'Weapon', 'street corner', 'corner', 'turning point', 'streetcorner']","['角', '海岬', '海角', '陆岬', '對頂角', '補角', '余角', '邻角', '鄰角', '洞角', '犄角', '街角']","['cabo', 'ángulo', 'ángulos suplementarios', 'ángulos consecutivos', 'Ángulos consecutivos', 'ángulos opuestos por el vértice', 'ángulos complementarios', 'Ángulos complementarios', 'cuerno', 'Cuerno', 'esquina', 'chaflán', 'esquina de calle', 'rincón']","['崎', '岬', '鼻', '角度', '洞角', 'コーナー', '街角']","['곶', '갑', '맞꼭지각', '각도', '뿔', '가각', '모퉁이', '코너', '길모퉁이']","['neem', 'nurk', 'Nurk', 'Sarved', 'sarved']","['niemi', 'nokka', 'niemeke', 'suplementtikulmat', 'Suplementtikulmat', 'kulma', 'Komplementtikulmat', 'viereinen kulma', 'vieruskulma', 'Kulma', 'sarvi', 'kadunkulma', 'kääntymiskohta', 'nurkka']","['kaap', 'hoek', 'aanliggende hoek', 'aanliggend', 'invalshoek', 'hoorn', 'Hoorn', 'hoorntje', 'horen', 'straathoek']","['रास', 'कोण', 'सींग', 'नुक्कड़']","['capo', 'promontorio', 'angolo', 'angolo supplementare', 'Teorema degli angoli opposti al vertice', 'angolo complementare', 'Angolo complementare', 'angoli opposti al vertice', 'corno', 'cantonata', 'angolo della strada']",angle
"['fourmi', 'Formicidae']","['Ameise', 'Ameisen']","['муравей', 'муравьи']","['ant', 'emmet', 'pismire', 'Formicidae']","['螘', '蚂蚁', '蚁', '蚂', '蟻', '螞', '螞蟻', '蚁科']","['hormiga', 'Formicidae', 'formicidae']","['蟻', 'アリ']",['개미'],"['sipelgas', 'sipelglased', 'Sipelglased']","['muurahainen', 'muurahaiset', 'kusiainen']","['mier', 'mieren']",['चींटी'],"['formica', 'Formicidae']",ant
"['peau de pomme', 'pomme']","['Apfel', 'Apfelschale']",['яблоко'],"['apple peel', 'apple']","['苹果', '蘋果']","['cáscara de manzana', 'manzana']","['林檎', 'リンゴ']","['사과', '사과나무']",['õun'],['omena'],"['appelschil', 'appel']",['सेब'],"['buccia di mela', 'mela', 'pomo']",apple
['arme'],"['Waffe', 'Arm']","['оружие', 'ору́жие']","['weapon', 'weapon system', 'arm']","['兵器', '武器', '武装']",['arma'],['武器'],"['무기', '병기', '전쟁무기']","['relv', 'Relv']","['ase', 'astalo']","['wapen', 'gevechtswapen', 'strijdmiddel']","['हथियार', 'शस्त्र', 'आयुध']","['arma', 'ordigno']",arm
"['nourrisson', 'nourisson', 'bébé', 'enfant en bas âge', 'poupon', 'enfant']","['Baby', 'Säugling', 'Kleinkind', 'kleines Kind', 'Wickelkind', 'Kind', 'Kriechling']","['ребёнок', 'младенец', 'дитя', 'ребенок', 'малыш', 'крошка', 'малютка', 'младе́нец', 'дитя́']","['baby', 'infaneto', 'infant', 'babe']","['婴儿', '嬰兒', '孩儿', '幼儿', '娃娃', '小娃娃', '婴幼儿', '宝宝']","['niño', 'bebé', 'niño de pecho', 'niña de pecho', 'niña', 'nene', 'infante', 'guagua', 'lactante', 'neonato', 'rorro', 'bebe', 'criatura']","['赤ちゃん', '赤ん坊', '乳児', '幼児']","['아기', '유아']","['väikelaps', 'beebi', 'Imik', 'imik']","['pikkulapsi', 'pienokainen', 'vauva', 'imeväinen', 'vauvaikä']","['baby', 'zuigeling', 'kleintje', 'infant', 'kleine', 'bébé', 'kindje']","['बच्चा', 'शिशु']","['neonato', 'bambino piccolo', 'bambina', 'bambino', 'bebè', 'piccino', 'fantolino', 'bimbo', 'bebé', 'infante', 'piccolo', 'creatura', 'pupo', 'baby', 'lattante', 'poppante']",baby
['baseball'],['Baseball'],['бейсбол'],"['baseball', 'baseball game', 'ball']","['棒球', '棒球比赛']","['béisbol', 'beisbol', 'baseball']",['野球'],['야구'],['pesapall'],"['baseball', 'baseball-peli']",['honkbal'],['बेसबॉल'],"['baseball', 'pallabase', 'partita di baseball', 'palla base']",ball
"['anneau', 'bague']","['Fingerring', 'Fingerreif', 'Ring', 'Reif', 'Reifen']","['кольцо', 'перстень', 'пе́рстень', 'кольцо́']","['ring', 'band']","['指環', '戒指', '指环']","['anillo', 'alianza', 'sortija']",['指輪'],"['가락지', '반지']",['sõrmus'],['sormus'],['ring'],"['अँगूठी', 'छल्ला', 'अंगूठी']",['anello'],band
"[""réservoir d'eau"", 'citerne', 'citerne à eau', 'réservoir d’eau', 'lavabo', 'évier']","['Wassertank', 'Zisterne', 'Wasserspeicher', 'Waschbecken', 'Lavabo', 'Spüle', 'Spülstein', 'Spülbecken']","['бак', 'Цистерна', 'ёмкость для воды', 'резервуа́р', 'цистерна', 'цисте́рна', 'таз', 'раковина', 'умыва́льник', 'Раковина', 'ра́ковина', 'мо́йка']","['cistern', 'water tank', 'sink', 'basin', 'kitchen sink']","['水槽', '水缸', '水箱', '蓄水池', '贮水器', '人工水池', '水塘', '盥洗盆', '洗手盆']","['tanque de agua', 'tanque', 'cisterna', 'aljibe', 'alberca', 'lavabo', 'lavamanos', 'palangana', 'fregadero', 'pila']","['貯水槽', 'タンク', '洗面器', '流し台', 'シンク', 'キッチンシンク', '洗面台', '流し']","['수조', '시스턴', '저수조', '탱크', '개수대', '싱크', '세면기', '싱크대']","['tsistern', 'Tsistern', 'kraanikauss', 'bassein', 'Bassein', 'valamu']","['sadevesisäiliö', 'vesisäiliö', 'vesitankki', 'amme', 'pesuallas', 'lavuaari', 'Lavuaari', 'viemäriallas']","['watertank', 'waterkelder', 'regenbak', 'regenput', 'cisterne', 'waterreservoir', 'regenwaterput', 'bassin', 'wastafel', 'bekken', 'gootsteen', 'afwasbak']","['टंकी', 'वर्षा जल संचयन', 'जलाशय', 'हौज़', 'चिलमची']","['serbatoio', 'cisterna', 'lavello', 'lavabo', 'lavandino', 'bacino', 'acquaio', 'toilette']",basin
"['salle de bain', 'salle de bains', 'Modèle:Autres langues', 'bain', 'toilette']","['Badestube', 'Badezimmer', 'Bad', 'Vorlage:Andere Sprachen']","['ванная', 'ба́ня', 'ванная комната', 'ва́нная']","['bath', 'restroom', 'bathroom']",['浴室'],"['baño', 'cuarto de baño', 'lavabo']","['バスルーム', '風呂場', '浴場']","['화장실', '목욕실', '욕실']",['vannituba'],"['kylpyhuone', 'kylpylä']","['wasgelegenheid', 'badkamer', 'badkuip', 'bad']","['बाथरूम', 'स्नानागार', 'गुसलख़ाना', 'ग़ुसलख़ाना', 'स्नानघर']","['bagno', 'stanza da bagno', 'ritirata', 'toilette']",bath
"['lit', 'couche']",['Bett'],"['кровать', 'постель', 'ко́йка', 'посте́ль', 'крова́ть']",['bed'],"['床', '睡铺', '卧榻', '床鋪', '臥榻', '睡鋪', '床铺']","['cama', 'piltra', 'catre', 'sobre', 'lecho']","['布団', 'ベッド', '臥榻', '寝床', '寝台']","['침대', '잠자리']",['voodi'],"['vuode', 'sänky', 'peti']","['bed', 'legerstede', 'sponde', 'bedstede', 'ledikant', 'nest']","['बिस्तर', 'पलंग', 'बिछोना', 'बिछौना', 'शय्या']","['letto', 'giaciglio']",bed
['abeille'],"['Imme', 'Biene', 'Bienen', 'Beivogl']","['пчела', 'пчела́', 'пчёлы']","['bee', 'Anthophila']","['蜂', '蜜蜂', '蜂族', '花蜂類', '蜡蜂', '蠟蜂']","['abeja', 'Anthophila', 'anthophila']","['ハチ', 'ハナバチ', '花蜂']","['벌', '꿀벌류', '밀봉']","['mesilane', 'Mesilased']","['mehiläiset', 'Mehiläinen', 'mehiläinen', 'mesipistiäiset']","['bij', 'honingbij', 'imme', 'bijen']",['मधुमक्खी'],"['ape', 'Anthophila', 'pecchia']",bee
['sonnette'],"['Klingel', 'Türglocke', 'Türklingel', 'Hausglocke']","['Дверной звонок', 'звоно́к', 'дверно́й звоно́к', 'дверной звонок']","['bell', 'buzzer', 'doorbell']","['门铃', '門鈴', '电铃', '電鈴']","['timbre', 'campanilla de puerta']","['呼び鈴', 'ドアベル', '電鈴', 'ドアチャイム', 'ベル']","['전령', '초인종', '도어폰', '벨']",['uksekell'],"['ovikello', 'Ovikello', 'ovisummeri']","['deurbel', 'bel', 'zoemer', 'huisbel', 'klingel', 'schel', 'door Bell', 'ding-dong']","['घंटी', 'द्वारघण्टी', 'दर्वाज़ी की घंटी', 'दरवाज़े की घंटी']",['campanello'],bell
['oiseau'],"['Vögelchen', 'Vogel', 'Piepmatz', 'Vögel']","['птица', 'птицы']","['bird', 'Eu-']","['鳥', '飛鳥', '飛烏', '鸟', '飞鸟', '鸟儿', '鳥兒', '鸟纲', '禽', '雀', '鸟类']","['pájaro', 'ave', 'aves']","['とり', '鳥類', 'Aves']","['새', 'Aves']","['lind', 'linnud']","['linnut', 'lintu']","['vogel', 'vogels', 'Eu-', 'vogeltje']","['चिड़िया', 'पक्षी', 'Aves']","['uccello', 'Aves', 'volatile', 'volativo', 'volatio', 'pennuto', 'augello']",bird
"['épée', 'glaive', 'lame']",['Schwert'],"['меч', 'шпа́га', 'са́бля']","['sword', 'brand', 'steel', 'blade']","['劍', '剑', '刀']","['espada', 'garrancha']","['刀', '剣']","['도검', '칼', '검']",['mõõk'],"['miekka', 'kalpa']","['zwaard', 'degen']","['तलवार', 'शमशेर']","['spada', 'gladio', 'brando', 'stocco', 'durindana', 'durlindana', 'lama', 'ferro', 'acciaro']",blade
"['comité', 'commission']","['Komitee', 'Kommission', 'Ausschuss', 'Ausschuß']","['комитет', 'комите́т', 'коми́ссия', 'комиссия']","['committee', 'commission']","['调查团', '委员会', '考察团', '委員會']","['comité', 'comisión']","['委員会', 'コミッション']",['위원회'],"['komitee', 'komisjon']","['komitea', 'valiokunta', 'toimikunta', 'lautakunta']","['comité', 'commissie', 'kamer', 'cie', 'college']","['कमेटी', 'समिति']","['commissione', 'comitato']",board
"['bateau', 'nacelle', 'barque', 'canot']","['Boot', 'Schiff']","['ладья́', 'лодка', 'бот', 'ло́дка', 'чёлн', 'шлю́пка']",['boat'],"['无篷小船', '舟', '船', '小船', '艇']","['bote', 'barco', 'barca', 'barcos', 'nave', 'embarcación']","['舟', 'ボート']","['보트', '배']",['paat'],['vene'],"['boot', 'schip']","['बेड़ी', 'नौका', 'बेड़ा', 'डोँगा', 'नाव', 'डोँगी', 'कश्ती']","['imbarcazione', 'nave', 'barca', 'scialuppa', 'lancia', 'schifo', 'battello', 'natante']",boat
['os'],"['Bein', 'Knochengewebe', 'Knochen', 'Gebeine']",['кость'],"['bone', 'os']","['骨头', '骨頭', '骨', '骨骼', '骨质', '骨質', '骨架']","['hueso', 'os']",['骨'],['뼈'],"['kont', 'luu']","['luu', 'os']","['knok', 'been', 'bot', 'knook', 'beenweefsel', 'botje', 'graat']","['हड्डी', 'अस्थि']",['osso'],bone
['livre'],['Buch'],['книга'],['book'],"['書', '书籍', '書籍', '书', '圖書', '图书']",['libro'],['本'],['책'],['raamat'],['kirja'],"['boek', 'boeken', 'album', 'boekwerk', 'boekje']","['किताब', 'पुस्तक']",['libro'],book
"['caisse', 'boîte']","['Kasten', 'Kiste']",['коробка'],"['boxes', 'box']","['盒', '盒子', '箱', '箱子']","['cajas', 'caja']",['箱'],['상자'],['Kast'],"['laatikko', 'rasia', 'aski']","['dozen', 'doos', 'bak']",['m'],"['scatola', 'cassetta', 'astuccio', 'cassa']",box
"['garçon', 'fils']","['Jüngling', 'Knabe', 'Bub', 'Bursche', 'Junge']",['мальчик'],"['boy', 'male child', 'son']","['男孩', '男子', '男孩子', '少年']","['niño', 'chico', 'jovencito', 'joven', 'muchacho', 'niño varón', 'garzón', 'chaval', 'mozo', 'hijo']","['男の子', '少年']",['소년'],['poiss'],['poika'],"['joch', 'jong', 'knul', 'gozer', 'knaap', 'jongen', 'zoonlief', 'zoon']",['लड़का'],"['ragazzo', 'figliuolo', 'bambino', 'bimbo', 'figliolo', 'fanciullo', 'ragazzino', 'guaglione', 'maschietto', 'figlio', 'figlio maschio', 'maschio']",boy
"['psyché', 'esprit', 'noûs', 'Noûs', 'cerveau', 'tête', 'cervelle', 'encéphale']","['Verstand', 'Nous', 'Psyche', 'Geist', 'Wahrnehmung', 'Hirn', 'Denkapparat', 'Gehirn', 'Denkorgan', 'Haupt', 'Kopf']","['Нус', 'ра́зум', 'психика', 'ум', 'головной мозг', 'голова', 'глава́', 'башка́', 'голова́']","['head', 'brain', 'mind', 'nous', 'psyche', 'Nous', 'encephalon', 'caput']","['头脑', '脑海', '头', '脑袋', '精神', '心智', '心靈', '智性', '心灵', '脑', '大脑', '头部', '頭子', '頭部', '头子', '頭', '腦袋', '首', '頭腦']","['mente', 'psique', 'Mente', 'Nous', 'nous', 'cabeza', 'cerebro', 'encéfalo', 'marote', 'melón', 'testa', 'sesera', 'coco', 'sabiola', 'tarro', 'maceta', 'chola', 'punta']","['心', 'ヌース', '念頭', 'プシュケー', '脳', '頭', '頭部']","['누스', '프시케', '마음', '뇌', '머리']","['nous', 'psüühika', 'Psüühika', 'Nous', 'vaim', 'Vaim', 'peaaju', 'pea']","['Nous', 'Psyyke', 'mieli', 'pää', 'psyyke', 'nous', 'järki', 'älli', 'aivot', 'encephalon', 'lanttu', 'kallo']","['brein', 'verstand', 'psyche', 'Nous', 'geest', 'nous', 'denkvermogen', 'rede', 'hersenen', 'hersens', 'zenuwcentrum', 'kop', 'hoofd', 'baas', 'bazin', 'leider', 'op uw plaatsen, klaar, af!']","['मन', 'मस्तिष्क', 'सिर', 'सर']","['testare', 'pensiero', 'mente', 'cervello', 'Intelletto cosmico', 'psiche', 'nous', 'testa', 'psicologia', 'encefalo', 'cerebro', 'capo', 'capoccia', 'zucca', 'chiorba', 'cranio']",brain
"['freinage', 'frein']","['Abbremsen', 'Bremsen', 'Bremse']","['механический тормоз', 'Фрикционный тормоз']","['brake', 'braking']","['煞車', '刹车', '制动器', '闸']",['freno'],['ブレーキ'],['제동기'],"['pidur', 'Pidur']","['Jarru', 'jarru']","['rem', 'remmen']",['ब्रेक'],['freno'],brake
"['science économique', 'économie', 'économie politique', 'sciences économiques', 'Sciences économiques']","['Ökonomie', 'Wirtschaftswissenschaft', 'Ökonomik', 'politische Ökonomie', 'Politische Ökonomie']","['экономика', 'политическая экономия', 'эконо́мика']","['economics', 'economic science', 'political economy']","['经济学', '經濟學', '政治经济学']","['economía', 'economía política', 'económicas', 'ciencias económicas']","['経済学', '政治経済学']","['경제학', '經濟學', '정치경제학']","['ökonoomika', 'majandusteadus', 'Poliitiline ökonoomia', 'poliitiline ökonoomia']","['taloselämä', 'taloustiede', 'kansantalous', 'poliittinen talous', 'kansantaloustiede', 'ekonomia']","['economie', 'politieke economie']","['अर्थशास्त्र', 'राजनीतिक अर्थशास्त्र', 'अर्थनीति']","['economia', 'scienze economiche', 'economia politica']",branch
['brique'],"['Ziegelstein', 'Backstein', 'Mauerziegel', 'Ziegel']","['кирпич', 'кирпи́ч']",['brick'],"['磚塊', '磚', '砖块', '磚頭', '砖', '砖头']",['ladrillo'],['煉瓦'],['벽돌'],['tellis'],"['tiili', 'tiiliskivi']","['klinker', 'baksteen', 'metselsteen', 'beschermengel', 'kanjer', 'toeverlaat']",['ईंट'],"['mattone', 'tegola', 'laterizio', 'mattonella']",brick
"['pont', 'liste de ponts romains', 'passerelle']","['Brücke', 'Liste römischer Brücken']",['мост'],"['bridge', 'span', 'list of Roman bridges']","['橋', '桥', '桥梁']","['puente', 'bóveda']",['はし'],"['다리', '교량']",['sild'],['silta'],"['brug', 'lijst van Romeinse bruggen']",['सेतु'],"['ponte', 'ponti romani']",bridge
"['brosse', 'brosse à cheveux']","['Bürste', 'Pinsel']","['щётка', 'кисть', 'Щётка']",['brush'],"['刷', '刷子']","['cepillo del pelo', 'cepillo', 'brocha', 'pincel', 'escobilla']","['刷子', 'ブラシ', '刷毛']","['솔', '브러시']","['Hari', 'hari', 'pintsel']","['harja', 'suti', 'sivellin', 'suka']","['borstel', 'haarborstel', 'verfborstel', 'tandenborstel', 'stoffer', 'kwast']","['ब्रश', 'बुरुश', 'झाड़ू']","['spazzola', 'pennello']",brush
"['seau', 'chaudière', 'bac', 'baquet']",['Eimer'],"['ведёрко', 'ведро', 'ведро́']","['bucket', 'pail', 'Pail']","['水桶', '吊桶', '桶']","['balde', 'cubo', 'pozal', 'tobo', 'cubeta']","['バケツ', 'ペール缶', '手桶', '桶']",['양동이'],"['Ämber', 'pang', 'ämber']","['ämpäri', 'kiulu', 'sanko']",['emmer'],['बाल्टी'],"['secchio', 'secchia', 'bugliolo']",bucket
"['ampoule', 'lampe incandescente', 'lampe à incandescence', 'ampoule à incandescence', 'lampe électrique', 'lampe']","['Glühbirne', 'Glühlampe', 'elektrisches Licht']","['лампа накаливания', 'лампочка', 'ла́мпа нака́ливания', 'электрическое освещение']","['lightbulb', 'electric-light bulb', 'incandescent light bulb', 'electric light', 'electric bulb', 'bulb', 'incandescent lamp', 'light bulb']","['灯泡', '电灯', '电灯泡', '白熱燈', '白炽灯', '電光源', '白熾燈', '白热灯', '白熾燈泡']","['bombillo', 'bombilla incandescente', 'lámpara incandescente', 'ampolla eléctrica', 'bombilla', 'ampolleta', 'luz eléctrica', 'lámpara de incandescencia']","['電球', '白熱電球', '白熱灯']","['전구', '백열등']","['pirn', 'elektripirn', 'lamp', 'Elektervalgustus', 'elektervalgustus', 'hõõglamp']","['hehkulamppu', 'lamppu', 'sähkövalo', 'Sähkövalo', 'sähkölamppu']","['gloeilamp', 'elektrisch licht', 'peer']","['लाईट बल्ब', 'तापदीप्त लैम्प', 'उद्दीप्त दीपक']","['lampadina', 'lampada a incandescenza', 'luce elettrica', 'bulbo']",bulb
['gâteau'],['Kuchen'],"['торт', 'пирожное']",['cake'],['蛋糕'],"['pastel', 'torta', 'bizcocho', 'cake', 'coca', 'tarta']","['ケーキ', '菓子な']","['케이크', '과자']","['Kook', 'kook']",['kakku'],"['cake', 'taart']",['केक'],"['torta', 'cake']",cake
"['appareil photographique', 'caméra', 'appareil photo']","['Fotoapparat', 'Kamera']","['съёмочная камера', 'камера', 'фотоаппарат']","['camera', 'photographic camera', 'still camera']","['照相機', '照相机', '相机']","['cámara fotográfica', 'cámara']",['カメラ'],"['카메라', '사진기']","['kaamera', 'fotoaparaat', 'Kaamera']","['kamera', 'valokuvakamera']","['fotocamera', 'camera', 'videocamera', 'filmcamera', 'fototoestel']",['कैमरा'],"['camera', 'fotocamera', 'macchina fotografica', 'apparecchio fotografico']",camera
"['pièce d’identité', ""carte d'identité"", ""carte d'identification"", ""pièce d'identité"", 'carte d’identité', 'carte', 'document']","['Personalausweis', 'Ausweis', 'ID', 'Identitätskarte']","['удостоверение личности', 'идентификационные карты', 'удостовере́ние', 'удостовере́ние ли́чности', 'па́спорт', 'ли́чное удостовере́ние']","['I.D.', 'ID', 'identity document', 'identity card', 'identification card', 'card', 'ID card']","['身份证', '证件', '身分證', '證件', '身份證', '身份卡']","['documento de identidad', 'identificación', 'carné de identidad', 'carnet de identidad', 'documento nacional de identidad', 'cédula de identidad', 'DNI', 'credencial', 'carnet']","['身分証明書', '身分証', 'ＩＤカード', 'ＩＤ']","['신분증', 'ID 카드']","['ID-kaart', 'isikutunnistus']","['henkilökortti', 'henkilöllisyystodistus', 'henkilötodistus', 'I.D.', 'ID']","['identiteitskaart', 'legitimatiebewijs', 'stamkaart', 'identiteitsbewijs', 'legitimatiepapier', 'persoonsbewijs', 'legitimatiekaart', 'legitimatie']",['पहचान पत्र'],"[""carta d'identità"", ""documento d'identità"", 'carta di identità', 'documento']",card
"['autobus', 'bus', 'car', 'omnibus', 'char-à-bancs', 'autocar', 'coche', 'véhicule ferroviaire', 'wagon', 'voiture', 'carrosse', 'équipage', 'voiture à cheval', 'charrette', 'charrette à bras', 'voiture à bras', 'voiturette']","['Personenbus', 'Autobus', 'Omnibus', 'Verkehrsbus', 'Bus', 'Reisebus', 'Kutsche', 'Waggon', 'Eisenbahnwagen', 'Equipage', 'Wagen', 'Karren', 'Karre', 'Handwagen', 'Ochsenwagen', 'Handkarren']","['автобус', 'коля́ска', 'Автобус дальнего следования', 'экипа́ж', 'пово́зка', 'автобус дальнего следования', 'дилижа́нс', 'авто́бус', 'каре́та', 'шараба́н', 'железнодорожное транспортное средство', 'карета', 'теле́га', 'повозка', 'теле́жка', 'ручна́я теле́жка']","['coach', 'bus', 'motorcoach', 'autobus', 'charabanc', 'double-decker', 'motorbus', 'jitney', 'omnibus', 'passenger vehicle', 'motor coach', 'Motor bus', 'motor bus', 'carriage', 'railroad car', 'railway carriage', 'rig', 'equipage', 'cart', 'handcart', 'go-cart', 'pushcart', 'ox-drawn cart']","['马车', '巴士', '公共汽車', '公共汽车', '长途公共汽车', '大型客车', '大客车', '长途汽车', '大型游览巴士', '公车', '公交', '客车', '公交车', '客車', '公交車', '公汽', '馬車', '公車', '長途客車', '車廂', '四轮马车', '手拉車', '手車', '手推車', '手车', '手推车', '搬運車', '手拉车']","['bus', 'autobús', 'pullman', 'ómnibus', 'cazadora', 'micro', 'autocar', 'Autocar', 'camión', 'bondi', 'coche', 'rufa', 'chiva', 'colectivo', 'guagua', 'camioneta', 'charabanc', 'autobus', 'motorbus', 'vehículo ferroviario', 'vagón', 'carruaje', 'carroza', 'carruaje de lujo', 'coche de caballos', 'carreta', 'carretón de mano', 'carro', 'carretilla']","['バス', '高速バス', 'モーターバス', 'コーチ', '乗合自動車', '馬車', '乗合バス', 'キャリッジ', 'ハンドカート', '荷車', '手車']","['버스', '뻐스', '마차', '수레']","['buss', 'autobuss', 'raudteesõiduk', 'tõld', 'Tõld', 'kaarik']","['linja-auto', 'kaukolinja-auto', 'bussi', 'vaunut', 'rautatieajoneuvo', 'ekipaasi', 'Valjakkovaunu', 'kärryt', 'valjakkovaunu', 'rattaat', 'käsikärryt', 'työntökärry', 'Kärry', 'käsikärry', 'työntökärryt']","['bus', 'autobus', 'koets', 'stadsbus', 'touringcar', 'klein busje', 'omnibus', 'dubbeldekker', 'wagon', 'spoorwagen', 'spoorvoertuig', 'rijtuig', 'break', 'brik', 'janplezier', 'kar', 'handkar', 'ossenwagen', 'handwagen', 'skelter', 'trapauto']","['बस', 'गाड़ी']","['autobus', 'bus', 'pullman', 'diligenza', 'corriera', 'vettura', 'carrozza', 'Pullman turistico', 'autopullman', 'torpedone', 'autopulman', 'autocorriera', 'vagone', 'veicolo su rotaia', 'carretto', 'barroccino', 'baroccino']",carriage
"['minou', 'chat', 'chat domestique']","['Hauskatze', 'Katze', 'Mietzekatze', 'Mietze', 'Stubentiger']","['кошка', 'кот']","['pussy', 'domestic cat', 'kitty-cat', 'cat', 'pussycat', 'kitty', 'puss', 'true cat', 'house cat']","['貓', '猫', '家貓']","['gato', 'gata', 'gato doméstico', 'Felis silvestris catus', 'felis silvestris catus']","['猫', 'ネコ', 'Felis silvestris catus']","['고양이', 'Felis silvestris catus']",['kass'],"['mirri', 'kissa', 'kesykissa', 'kisu', 'katti', 'kissaeläin']","['kat', 'huiskat']","['बिल्ली', 'Felis silvestris catus']","['micio', 'gatto', 'gatto domestico', 'micino', 'Felis silvestris catus']",cat
['fromage'],['Käse'],"['сыр', 'творо́г', 'тво́рог']","['cheese', 'YAMSHD']","['干酪', '奶酪', '乳酪', '芝士', '乾酪', '起司', '吉士', '酪', '起士']",['queso'],"['チーズ', '酪', '乾酪']","['건락', '치즈']","['juust', 'sõir']",['juusto'],['kaas'],"['चीज़', 'पनीर']","['formaggio', 'cacio']",cheese
"['coffre', 'malle', 'caisse', 'boîte']","['Truhe', 'Koffer', 'Kasten', 'Kiste']","['сундук', 'я́щик', 'Сундук', 'сунду́к', 'коробка']","['chest', 'boxes', 'box']","['箱', '箱子', '盒', '盒子']","['baúl', 'arcón', 'arca', 'cofre', 'cajas', 'caja']",['櫃'],"['궤', '불교 용어 목록', '불교 용어 목록/구', '상자']","['Kirst', 'kirst', 'Kast']","['Arkku', 'arkku', 'kirstu', 'laatikko', 'rasia', 'aski']","['kist', 'dozen', 'doos', 'bak']","['संदूक़', 'सन्दूक़', 'm']","['baule', 'cassapanca', 'cassa', 'cofano', 'scatola', 'cassetta', 'astuccio']",chest
['menton'],['Kinn'],['подбородок'],"['chin', 'mentum']","['颔', '下巴頦', '下巴颏', '下巴', '頷', '颏', '下颚']","['barbilla', 'mentón', 'pera', 'barba']","['顎', 'おとがい']","['턱', '아래턱']","['lõug', 'Lõug']","['leuka', 'leukakyhmy', 'mentum']","['kin', 'kinnebak']","['ठोड़ी', 'ठुड्डी', 'चिबुक']","['mento', 'bazza']",chin
"['Église', 'église']",['Kirche'],['христианская церковь'],"['church', 'Christian church', 'Christian Church', 'Church']","['教會', '教会']","['iglesia cristiana', 'Iglesia', 'cristianismo']",['教会'],['교회'],"['kirik', 'Kirik']","['kirkko', 'kristillinen kirkko']","['Kerk', 'kerk']",['कलीसिया'],"['Chiesa', 'chiesa']",church
"['cercle', 'rond']",['Kreis'],"['окружность', 'окру́жность', 'круг']",['circle'],"['圈子', '圆', '圓', '圆圈', '圓圈', '圓形', '圆形', '椭圆形']","['círculo', 'circunferencia']","['円', '丸']","['원', '동그라미']","['ringjoon', 'ring']",['ympyrä'],"['kring', 'cirkel']","['वृत्त', 'चक्र']","['cerchio', 'circonferenza', 'circolo']",circle
['veste'],['Jacke'],"['жаке́т', 'куртка', 'ку́ртка']","['jacket', 'coat']","['夾克', '上衣', '夹克', '短上衣']","['casaca', 'saco', 'abrigo', 'chaqueta', 'chamarra', 'cazadora', 'chumpa', 'jacket', 'campera', 'chompa']","['コート', 'ジャケット']",['재킷'],['jakk'],"['takki', 'pusakka', 'pikkutakki']","['jas', 'jack']",['जैकेट'],"['cappotto', 'mantello', 'giacca', 'casacca', 'giacchetta', 'giubba']",coat
['arrestation'],['Festnahme'],"['заключение под стражу', 'задержа́ние', 'аре́ст', 'Арест личности']","['taking into custody', 'arrest', 'collar', 'catch', 'apprehension', 'pinch']","['逮捕', '捕捉']","['arresto', 'detención']",['捕捉'],['체포'],['Vahistamine'],"['pidätys', 'pidättäminen', 'kiinniotto', 'vangitseminen', 'saada kiinni']","['aanhouding', 'grijpen', 'vastgrijpen', 'arrestatie', 'arrest', 'stilstand']",['गिरफ़्तारी'],"['arresto', 'fermo']",collar
['peigne'],['Kamm'],['расчёска'],['comb'],"['梳篦', '头梳', '梳棉机', '篦', '梳子']",['peine'],['櫛'],['빗'],['kamm'],['kampa'],"['kam', 'schilderskam']",['कंघा'],['pettine'],comb
"['vache', 'bétail', 'bovins', 'Bos taurus', 'bos taurus', 'Bos primigenius taurus', 'bœuf']","['Hausrind', 'Rind', 'Rindvieh', 'Kühe', 'Rinder', 'Bos taurus', 'Ochse']","['скот', 'Bos taurus', 'скоти́на', 'бык', 'кру́пный рога́тый скот', 'домашний бык', 'коро́ва', 'вол']","['cow', 'cattle', 'kine', 'oxen', 'Bos taurus', 'cows', 'moo-cow', 'ox']","['牛', '家牛', '母牛', '公牛', '閹公牛', '犉']","['ganado bovino', 'vaca', 'Bos taurus', 'ganado', 'Bos primigenius taurus', 'toro', 'Bos Taurus', 'ganado vacuno', 'bovino', 'vacas', 'bueyes', 'bovinos', 'vacuno', 'vaquita', 'buey', 'novillo']","['ウシ', '畜牛', 'Bos primigenius taurus', '去勢牛']","['소', 'Bos primigenius taurus', '불럭']","['veised', 'veis', 'härg', 'Härg']","['karja', 'Bos taurus', 'nauta', 'nautakarja', 'lehmä', 'härkä']","['rundvee', 'rund', 'runderen', 'Bos taurus', 'beesten', 'vee', 'Bos primigenius taurus', 'melkkoe', 'os']","['गाय', 'Bos primigenius taurus', 'बैल']","['mucca', 'bestiame bovino', 'vacca', 'bestiame', 'Bos taurus', 'Bos taurus taurus', 'bovini', 'bue', 'Bos primigenius taurus']",cow
"['tasse', 'verre', 'coupe', 'mug', 'chope']","['Tasse', 'Trinkglas', 'Trinkschale', 'Pokal', 'Henkelbecher', 'Becher']","['Стеклянный стакан', 'чашка', 'кру́жка', 'кружка']","['cup', 'standing cup', 'cup with stem', 'drinking glass', 'mug', 'glass']","['杯子', '玻璃容器', '饮料玻璃', '杯', '马克杯', '馬克杯', '嘜', '圆筒形有柄大杯', '大杯', '玻璃杯']","['taza', 'copa', 'vaso', 'taza de pié', 'tazón', 'jarro']","['カップ', 'コップ', 'グラス', 'マグカップ', 'ジョッキ']","['컵', '잔', '유리잔', '머그잔']","['Klaas', 'Tass', 'tass', 'klaas', 'kruus', 'Kruus']","['kuppi', 'juomalasi', 'juomapikari', 'Juomalasi', 'muki', 'Muki', 'lasi']","['kop', 'tas', 'drinkglas', 'bokaal', 'beker op voet', 'bak', 'beker', 'mok', 'glaasje', 'glas']","['कप', 'प्याला', 'गिलास']","['tazza', 'coppa', 'bicchiere', 'boccale', 'mug', 'gotto']",cup
['rideau'],"['Vorhang', 'Gardine', 'Fensterdekoration']","['занавеска', 'што́ра', 'шторы', 'штора', 'занаве́ска', 'портье́ра', 'гарди́на']","['curtain', 'drapery', 'drape', 'mantle', 'pall', 'altar cloth']","['窗帘', '窗簾', '帘子', '簾', '簾子']","['cortina', 'cortinaje', 'cortinas']",['カーテン'],['커튼'],"['eesriie', 'kardin', 'Kardin']","['verho', 'verhot']","['gordijn', 'voorhangsel', 'lijkkleed', 'doek']","['परदा', 'पर्दा']","['tenda', 'drappo', 'drappeggio', 'tappezzeria', 'tendina', 'tendaggio', 'panneggiamento', 'cortina', 'velario']",curtain
"['amortisseur', 'coussin']","['Stoßdämpfer', 'Schlag']","['амортизатор', 'шок']","['shock absorber', 'shock', 'cushion']","['阻尼器', '電休克', '觸電', '电休克', '触电']",['amortiguador'],['ショックアブソーバー'],['완충기'],['amortisaator'],"['iskunvaimennin', 'sähköisku', 'sähköshokki', 'pehmike']","['schokbreker', 'schokdemper', 'schok', 'kussen']",['प्रघात अवशोषक'],"['ammortizzatore', 'scossa']",cushion
"['chien', 'Canis lupus familiaris', 'canis familiaris']","['Hund', 'Wauwau', 'Köter', 'Töle', 'Canis lupus familiaris', 'Haushund']","['собака', 'фруфру', 'Canis lupus familiaris']","['dog', 'Canis familiaris', 'domestic dog', 'Canis lupus familiaris']","['犬', '狗']","['perra', 'can', 'canino', 'perro', 'Canis lupus familiaris', 'Canis familiaris', 'perros', 'canis familiaris', 'perro doméstico']","['イヌ', 'イエイヌ', 'Canis lupus familiaris']","['개', 'Canis lupus familiaris']","['koer', 'Canis lupus familiaris']","['koira', 'Canis lupus familiaris', 'Canis familiaris']","['hond', 'Canis lupus familiaris', 'joekel']","['कुत्ता', 'Canis lupus familiaris']","['cane', 'Canis lupus familiaris', 'Canis familiaris']",dog
"['encadrement de porte', 'porte', 'portière', 'huis']","['Türfutter', 'Türrahmen', 'Tor', 'Türzarge', 'Türen', 'Tür', 'Türe']","['две́ри', 'дверь', 'ворота']","['door case', 'doorcase', 'door', 'door frame', 'doorway', 'doorframe', 'gate']","['门', '戶', '門', '门儿', '門兒', '門扉', '闸门']","['puerta', 'marco de puerta', 'seguro', 'verja', 'barrera', 'portón']","['門', 'ドア', '扉', '戸', '戸口']","['문', '관문', '대문']","['uks', 'värav']","['ovi', 'portti']","['poort', 'portier', 'deur', 'hek', 'toegangshek', 'spoorboom', 'gate', 'overwegboom']","['द्वार', 'दरवाज़ा', 'दर', 'प्रवेश', 'दरवाजा']","['telaio della porta', 'porta', 'portiera', 'uscio', 'sportello', 'cancello', 'barriera']",drain
"['peinture', 'artiste peintre', 'peintre', 'image', 'tableau', 'illustration', 'figure', 'reproduction', 'dessin']","['Abbild', 'Maler', 'Darstellung', 'Gemälde', 'Malerei', 'Abbildung', 'Zeichnung', 'Bild']","['картина', 'образ', 'живопись', 'жи́вопись', 'рисунок', 'рису́нок', 'чертёж', 'схе́ма']","['image', 'picture', 'artist', 'painting', 'painter', 'art of painting', 'drawing', 'map', 'portraiture', 'design', 'illustration', 'figure', 'pattern']","['图画', '绘画', '畫作', '油漆', '繪畫', '画儿', '画', '圖畫', '素描', '图片', '圖片', '绘图']","['pintora', 'imagen', 'pintor', 'pintura', 'pintado', 'lienzo', 'cuadro', 'ilustración', 'figura', 'retrato', 'dibujo', 'croquis', 'esquema']","['絵画', '画像', '画', 'タブロー', '絵画作品', '素描', 'デッサン', '図画', '絵']","['회화', '도화', '그림', '소묘']","['maal', 'maalimine', 'maalikunst', 'joonistus', 'joonistamine']","['kuva', 'maalaustaide', 'maalaus', 'piirros', 'piirustus']","['schilder', 'verven', 'plaatje', 'schilderen', 'kunstschilder', 'afbeelding', 'schilderkunst', 'geschilder', 'schilderij', 'schilderstuk', 'schilderwerk', 'doek', 'tekening', 'tekenkunst']","['चित्रकला', 'रेखाचित्र', 'चित्र']","['pittura', 'pittore', 'raffigurazione', 'immagine', 'dipinto', 'verniciatura', 'quadro', 'disegno', 'figura', 'riproduzione', 'illustrazione']",drawer
"['fringue', 'vêtements', 'habit', 'vêtement', 'habillement', 'habits', 'fringues', 'tenue', 'robe']","['Bekleidung', 'Kleider', 'Gewandung', 'Kleidungsstück', 'Kleidung', 'Kleid']","['одежда', 'предмет одежды', 'костю́м', 'одея́ние', 'платье', 'пла́тье']","['clothes', 'thing', 'things', 'garments', 'garment', 'apparel', 'raiment', 'clothing', 'wearable', 'article of clothing', 'wear', 'habiliment', 'vesture', 'dress', 'frock', 'maxi dress', 'wearing apparel']","['衣服', '服装', '连衣裙', '连身裙', '連身裙', '連衣裙', '女服', '著裝', '着装', '服裝', '女裙衫', '服饰', '衣裳']","['ropa', 'prenda', 'vestuario', 'indumentaria', 'traje', 'vestimenta', 'atavío', 'vestido', 'habiliment']","['衣類', '被服', '服', 'ワンピース', 'ドレス']","['옷', '드레스', '의복', '원피스']","['riietus', 'Riietus', 'kleit', 'Kleit']","['vaatetus', 'vaatteet', 'vaatekappale', 'vaate', 'vaatetavara', 'asu', 'puku', 'leninki', 'mekko', 'vaateparsi']","['kledij', 'kledingstuk', 'kleren', 'kleding', 'goed', 'japon', 'gewaad', 'jurk', 'kleed']","['परिधान', 'dress of japan', 'पोशाक']","['vestiti', 'vestiario', 'abbigliamento', 'indumento', 'vestito', 'abito', 'vestire', 'abiti', 'veste', 'abito da donna', 'toilette']",dress
"['goutte de pluie', 'goutte']","['Regentropfen', 'Tropfen']",['капля'],"['drop', 'raindrop', 'drib', 'driblet']","['水滴', '点滴']","['gota', 'gota de lluvia', 'gota de agua', 'lágrima']",['滴'],['방울'],"['tilk', 'Tilk']","['tippa', 'pisara', 'tilkka']","['druppel', 'regendruppel', 'val', 'afgrond', 'vallen', 'drup', 'parel', 'drop']",['बूंद'],"['goccia di pioggia', 'goccia', 'gocciola', 'lagrima', 'gocciolo', 'lacrima', 'goccio']",drop
"['œuf de poule', 'œuf', 'oeuf']","['Hühnerei', 'Ei']","['куриное яйцо', 'яйцо']","[""hen's egg"", ""chicken's egg"", 'chicken egg', 'egg', 'eggs', 'Eggs as food', 'insect egg']","['蛋', '雞蛋', '蛋类', '卵', '鸡蛋']","['huevo de gallina', 'huevo', 'óvulo']","['鶏卵', '卵']","['알', '달걀']",['muna'],"['muna', 'kananmuna', 'munat']","['ei', 'kippenei']","['अण्डा', 'अंडा']","['uovo', 'uovo di gallina', 'ovo']",egg
"['moteur électrique', 'machine électrique', 'moteur', 'Motor']","['Elektromotor', 'Motor', 'Triebwerk', 'Antrieb']","['электрический двигатель', 'электромото́р', 'электродви́гатель', 'электри́ческий мото́р', 'мотор', 'двигатель', 'дви́гатель', 'мото́р', 'Motor']","['electric motor', 'motor', 'engine']","['马达', '电动机', '電動機', '电摩托', '馬達', '發動機', '发动机', '引擎', '摩托', 'Motor']","['motor eléctrico', 'electromotor', 'motor', 'locomotora', 'motor térmico', 'máquina']","['電動機', 'モーター', 'エンジン', '原動機', '機関', '機械', '発動機', 'Motor']","['전동기', '모터', '엔진', '기관', 'Motor']","['elektrimootor', 'mootor', 'Motor']","['sähkömoottori', 'moottori', 'Motor']","['elektische motor', 'elektromotor', 'motor', 'aandrijving', 'locomotief']","['विद्युत मोटर', 'इंजन', 'मोटर', 'Motor']","['motore elettrico', 'elettromotore', 'motore', 'Motor']",engine
"['yeux', ""globe de l'oeil"", 'œil', 'globe oculaire']","['Augapfel', 'Auge', 'Augen']","['глаз', 'глазное яблоко', 'око']","['eye', 'eyes', 'eyeball', 'eye ball', 'optic', 'oculus']","['眼睛', '眼', '目', '睛球', '睛']","['ojos', 'ojo', 'globo ocular', 'oculus']","['目', '眼球', '眼']",['눈'],"['silm', 'silmamuna']","['silmämuna', 'silmä', 'näkö-', 'näkö']","['oogbol', 'ogen', 'oogappel', 'oog', 'kijker', 'kijkers']","['आँख', 'आंख']","['bulbo oculare', 'occhio', 'occhi']",eye
"['face', 'figure', 'visage']","['Visage', 'Angesicht', 'Antlitz', 'Gesicht']","['лицо', 'обли́чье', 'лик', 'лицо́', 'физионо́мия']","['face', 'human face']","['臉', '脸', '面', '面孔', '人类的脸', '颜']","['rostro', 'cara', 'jeta', 'faz', 'rostro humano']","['顔', '面']",['얼굴'],"['nägu', 'Nägu']","['naama', 'kasvot', 'pärstä']","['tronie', 'smoel', 'aangezicht', 'gelaat', 'gezicht', 'snoet', 'fieselefacie', 'bakkes', 'porem', 'snufferd', 'ponem', 'facie', 'snuit', 'smoelwerk', 'fieselemie', 'aanschijn', 'toetje', 'postzegel', 'toet']","['चेहरा', 'मुखड़ा', 'मुख']","['viso', 'faccia', 'volto']",face
"['ferme', 'exploitation agricole', 'domaine']","['Bauernhof', 'Farm']","['ферма', 'хозя́йство', 'фе́рма']",['farm'],"['农场', '農場']","['granja', 'fundo', 'explotación agrícola', 'finca', 'caserío', 'cortijo', 'heredad', 'estancia', 'hacienda', 'masía']",['農場'],['농장'],"['talu', 'farm']","['maatila', 'tila', 'farmi']","['boerenbedrijf', 'boerderij', 'hoeve', 'hofstede', 'boerenhofstede', 'landbouwbedrijf', 'boerenhofstee', 'hofstee']","['फ़ार्म', 'खेत']","['fattoria', 'tenuta agricola', 'masseria', 'podere', 'allevamento']",farm
"['plumage', 'barbule', 'plume', 'plumée', 'pennage']","['Strahlen', 'Feder', 'Gefieder', 'Federschmuck', 'Federkleid', 'Vogelgefieder']","['перо', 'оперение', 'Оперение', 'опере́ние']","['plume', 'feathers', 'feather', 'plumage', 'barbule']","['羽毛', '鸟类羽毛', '羽', '换羽']","['pluma', 'plumaje', 'barbillas', 'bárbulas']",['羽根'],"['깃', '깃털']","['sulg', 'sulestik', 'Sulestik']","['höyhenet', 'höyhen', 'höyhenpuku', 'höyhenpeite', 'sulka']","['pluim', 'veer', 'pluimage', 'gevederte', 'verenkleed', 'al gezien al gedaan', 'veder']","['पंख', 'पर']","['barbula', 'piumaggio', 'piuma', 'penna', 'piume']",feather
"[""doigt d'honneur"", 'doigt', 'dactyle', 'orteil']","['Stinkefinger', 'Digitus', 'Zeh', 'Finger', 'Fingerchen']","['фак', 'средний палец', 'палец', 'па́лец', 'перст', 'палец руки', 'палец кисти']","['the finger', 'dactyl', 'digit', 'finger']","['手指', '豎中指', '腳趾', '指', '脚趾', '手指腳趾', '指头', '指頭', '手指头', '手指頭']","['peineta', 'corte de manga', 'higa', 'dedo', 'dígito', 'dedos de la mano', 'dedo de la mano']","['ファックサイン', '指', '指趾']","['가운뎃손가락', '손가락', '손발가락', '발가락']","['Keskmise sõrme näitamine', 'sõrmed ja varbad', 'sõrm', 'näpp', 'sõrmed']","['keskisormi', 'Keskisormi', 'varvas', 'sormi', 'näppi']","['middelvinger', 'the finger', 'digit', 'Digit', 'vinger', 'teen', 'cijfer']","['उंगली', 'अंगुली', 'अंगुल', 'अंगुश्त', 'अंगुलि']","['gesto del dito medio alzato', 'gesto del dito medio', 'dito', 'digito', 'dito della mano', 'dita']",finger
['poisson'],"['Fisch', 'Fische']","['рыбы', 'ры́ба']",['fish'],"['魚', '魚兒', '鱼', '鱼儿', '鱼类']","['pescado', 'pez', 'Pisces', 'pisces', 'peces']",['魚類'],"['물고기', '어류', '고기']","['kala', 'kalad']",['kala'],"['vissen', 'vis']","['मछली', 'मच्छी', 'मीन', 'माही', 'मत्स्य']",['pesce'],fish
"['vallée', 'val']","['Tal', 'Senke']","['долина', 'Долина', 'доли́на']","['valley', 'dale', 'vale']","['溪谷', '山谷', '谷地']","['dolina', 'valle', 'val']",['谷'],"['골짜기', '계곡']",['org'],['laakso'],"['dal', 'vallei']","['घाटी - पर्वतों या उत्थित भागों के बीच निचली ज़मीन वाला हिस्सा, लम्बाई में विस्तार वाला', 'घाटी', 'वादी']","['valle', 'vallata', 'conca']",floor
"['diptère', 'Diptera', 'mouche']","['Fliege', 'Zweiflügler']","['му́ха', 'двукрылые', 'двукры́лое']","['fly', 'Diptera']","['蝇', '蠅', '雙翅目', '双翅目', '苍蝇']","['mosca', 'mosco', 'Diptera']","['蠅', 'ハエ', 'ハエ目', '双翅目']",['파리목'],"['Kahetiivalised', 'kahetiivalised']","['kaksisiipiset', 'kaksisiipinen', 'kärpänen']","['vlieg', 'tweevleugeligen']","['डिप्टेरा', 'मक्खी']","['mosca', 'Ditteri', 'Diptera', 'Mosca']",fly
['pied'],"['Fuß', 'Pes']",['стопа'],"['human foot', 'foot', 'pes', 'Pes', 'Foot']","['腳', '脚', '脚部', '足']","['pie', 'pes', 'pata']","['ペス', '足']",['발'],['Labajalg'],"['jalkaterä', 'jalka']","['voet', 'voeten', 'poot', 'pootje']",['पैर'],['piede'],foot
['fourchette'],"['Gabel', 'Pommesgabel']",['вилка'],['fork'],"['叉子', '餐叉', '叉']",['tenedor'],['フォーク'],['포크'],"['kahvel', 'Kahvel']",['haarukka'],"['vork', 'splitsing']","['काँटा', 'कांटा']",['forchetta'],fork
"['volaille', 'Galloanserae']","['Geflügel', 'Galloanserae']","['птицеводство', 'пернатая дичь', 'домашняя птица', 'Galloanserae', 'Galloanseres']","['poultry', 'fowl', 'domestic fowl', 'Galloanserae']","['家禽', '雞雁小綱']","['ave de corral', 'Galloanserae', 'ave']",['キジカモ類'],"['가금', '닭기러기류', '집새']","['sulgloomad', 'kodulinnud', 'kodulind', 'Galloanserae']","['siipikarja', 'riistalintu', 'Galloanserae']","['gevogelte', 'pluimvee', 'Galloanserae', 'hoen', 'huishen', 'hoentje', 'hen', 'kip']","['कुक्कुट', 'पोल्ट्री']","['pollame', 'volatile', 'Galloanserae']",fowl
"['corps humain', 'carrure', 'physiologie humaine', 'ossature', 'forme', 'figure', 'chair', 'silhouette', 'physique', 'Corps humain']","['Humanphysiologie', 'menschlicher Körper', 'Figur', 'Gestalt', 'Bau', 'Statur', 'Form', 'Körperbau']","['человеческое тело', 'физиология человека', 'костя́к', 'телосложе́ние', 'фигу́ра', 'скеле́т', 'физиология человека и животных', 'фо́рма', 'компле́кция']","['human body', 'human physiology', 'build', 'figure', 'soma', 'chassis', 'form', 'anatomy', 'shape', 'frame', 'physique', 'flesh', 'material body', 'physical body', 'bod']","['人体', '体格', '肉体', '体形', '外形', '體型', '體質', '人体生理学', '體格', '体质', '体型', '身材']","['constitución', 'complexión', 'fisiología humana', 'cuerpo humano', 'figura', 'físico', 'osamenta', 'esqueleto', 'forma', 'soma', 'cuerpo', 'carne', 'anatomía']","['人間生理学', '人類生物学', 'ムールヴェードル', '体型']","['인체생리학', '체격', '인간의 몸', '몸매', '인체']","['inimfüsioloogia', 'inimese keha', 'Inimkeha', 'inimkeha']","['ihmisruumis', 'ihmisen fysiologia', 'muoto', 'kuvio', 'fysiikka', 'hahmo', 'figuuri', 'vartalo', 'keho', 'liha', 'ruumiinrakenne', 'runko', 'fyysinen keho', 'sooma', 'rakenne']","['menselijke verrichtingsleer', 'menselijk lichaam', 'skelet', 'geraamte', 'figuur', 'vorm', 'bouw', 'cijfer', 'afbeelding', 'personage', 'vlees']","['बनावट', 'देह', 'मानव कार्यिकी', 'मानव शरीर']","['fisiologia umana', 'corpo umano', 'figura', 'ossatura', 'forma', 'scheletro', 'fisico', 'sagoma', 'carne']",frame
['gant'],['Handschuh'],"['перчатка', 'рукавица', 'перча́тка', 'рукави́ца', 'перчатки']",['glove'],['手套'],['guante'],['手袋'],['장갑'],"['sõrmik', 'Kindad', 'kindad']","['hansikas', 'sormikas', 'hanska', 'käsine']","['handschoen', 'want']","['दस्ताना', 'दस्ताने']",['guanto'],glove
['chèvre'],"['Hausziege', 'Ziege']","['коза', 'коза домашняя', 'домашняя коза']","['goat', 'domestic goat', 'caprine animal']","['山羊', '家山羊', '羊']","['cabra', 'chivo', 'cabrón', 'capra aegagrus hircus', 'ganado cabrío']","['ヤギ', 'Capra aegagrus hircus']","['염소', 'Capra aegagrus hircus']","['kits', 'kodukits', 'Capra aegagrus hircus']","['vuohi', 'vuohieläin']","['geit', 'Capra aegagrus hircus']","['बकरी', 'Capra aegagrus hircus']","['capra', 'capra domestica', 'Capra hircus']",goat
"['lance', 'lance de cavalerie']","['Lanze', 'Spieß', 'Speer', 'Ger', 'Lanzer']","['копьё', 'кавалерийское копьё']","['pike', 'spear', 'lance', 'shaft']","['槍', '骑枪']","['lanza', 'lancero']",['ランス'],"['창', '랜스']","['oda', 'Oda', 'Piik']","['keihäs', 'peitsimies', 'peitsi', 'keihäsmies', 'Peitsi', 'nuoli', 'harppuuna']","['speer', 'lans', 'werpspies', 'spiets', 'spies', 'geer']",['भाला'],"['lancia', 'lancia da giostra', 'lancia da cavalleria', 'Lancia da giostra', 'asta']",gun
"['chevelure', 'pelage', 'cheveux', 'poil']",['Haar'],"['волосы', 'во́лос', 'волоси́нка', 'волоси́на']",['hair'],"['发丝', '髮絲', '毛', '毛髮', '頭髮', '头发', '毛发']","['cabello', 'pelo']",['毛'],"['털', '머리']","['karv', 'karvad']","['karvoitus', 'karva', 'hius', 'jouhi']","['haar', 'kuif', 'hoofd', 'beharing', 'hoofdhaar', 'haardos', 'kop', 'pruik']",['बाल'],"['pelo', 'peluria', 'capello']",hair
['marteau'],['Hammer'],"['молот', 'молоток']",['hammer'],"['榔头', '锤子', '榔頭', '錘子', '槌']",['martillo'],"['金槌', '槌']",['망치'],"['haamer', 'vasar']",['vasara'],"['vuisthamer', 'hamer', 'vuist']",['हथौड़ा'],['martello'],hammer
"['main', 'patte']",['Hand'],"['рука', 'кисть']","['hand', 'manus', 'mitt', 'paw', 'Manus']","['手', '前足', '前肢骨']","['mano', 'palma', 'zarpa', 'manus', 'pata']",['マヌス'],['손'],['labakäsi'],"['käsi', 'jalka', 'käpälä', 'manus']","['klauw', 'hand', 'poot', 'klauwen', 'klavier', 'fik', 'vlerken', 'kluif', 'tengels', 'knijper', 'klavieren', 'fikken']",['हाथ'],['mano'],hand
"['chapeau', 'Chapeau!', 'couvercle', 'casquette', 'casquette à visière', 'bonnet']","['Hut', 'Kopfbedeckung', 'Chapeau!', 'Kappe', 'Mütze', 'Schirmmütze']","['шляпа', 'шапка', 'ша́пка', 'шля́па', 'головно́й убо́р']","['hat', 'chapeau', 'lid', 'cap', 'visor cap']","['帽子', '棒球帽', '便帽', '鸭舌帽', '太阳帽']","['sombrero', 'Chapó', 'gorra', 'sombrero con visera']","['ハット', 'シャプカ', '縁なし帽子']","['모자', '캡']","['müts', 'kübar', 'nokkmüts', 'Müts', 'Nokkmüts']","['hattu', 'lakki', 'päähine', 'lippalakki']","['hoed', 'Chapeau!', 'pet', 'klak', 'muts']","['टोपी', 'टोप', 'कैप']","['cappello', 'copricapo', 'chapeau', 'berretto', 'cuffietta', 'cuffia', 'berretta']",hat
"['psyché', 'esprit', 'noûs', 'Noûs', 'cerveau', 'tête', 'cervelle', 'encéphale']","['Verstand', 'Nous', 'Psyche', 'Geist', 'Wahrnehmung', 'Hirn', 'Denkapparat', 'Gehirn', 'Denkorgan', 'Haupt', 'Kopf']","['Нус', 'ра́зум', 'психика', 'ум', 'головной мозг', 'голова', 'глава́', 'башка́', 'голова́']","['head', 'brain', 'mind', 'nous', 'psyche', 'Nous', 'encephalon', 'caput']","['头脑', '脑海', '头', '脑袋', '精神', '心智', '心靈', '智性', '心灵', '脑', '大脑', '头部', '頭子', '頭部', '头子', '頭', '腦袋', '首', '頭腦']","['mente', 'psique', 'Mente', 'Nous', 'nous', 'cabeza', 'cerebro', 'encéfalo', 'marote', 'melón', 'testa', 'sesera', 'coco', 'sabiola', 'tarro', 'maceta', 'chola', 'punta']","['心', 'ヌース', '念頭', 'プシュケー', '脳', '頭', '頭部']","['누스', '프시케', '마음', '뇌', '머리']","['nous', 'psüühika', 'Psüühika', 'Nous', 'vaim', 'Vaim', 'peaaju', 'pea']","['Nous', 'Psyyke', 'mieli', 'pää', 'psyyke', 'nous', 'järki', 'älli', 'aivot', 'encephalon', 'lanttu', 'kallo']","['brein', 'verstand', 'psyche', 'Nous', 'geest', 'nous', 'denkvermogen', 'rede', 'hersenen', 'hersens', 'zenuwcentrum', 'kop', 'hoofd', 'baas', 'bazin', 'leider', 'op uw plaatsen, klaar, af!']","['मन', 'मस्तिष्क', 'सिर', 'सर']","['testare', 'pensiero', 'mente', 'cervello', 'Intelletto cosmico', 'psiche', 'nous', 'testa', 'psicologia', 'encefalo', 'cerebro', 'capo', 'capoccia', 'zucca', 'chiorba', 'cranio']",head
"['cœur', 'myocarde', 'cœur humain', 'cavité cardiaque', 'Philia', 'affection', 'philia']","['Herz', 'Philia', 'Affektion', 'Zuneigung']","['сердце', 'сердце человека', 'филия', 'се́рдце', 'привязанность', 'серде́чко']","['heart', 'ticker', 'pump', 'Diaphragmatic surface of heart', 'human heart', 'cardiac chamber', 'affectionateness', 'philia', 'fondness', 'warmheartedness', 'affection', 'tenderness', 'warmness', 'affectio']","['心脏', '心', '心臟', '胸口', '最高形式的爱', '友愛', '愛意', '心形', '爱情', '慈爱', '好感']","['corazón', 'cámara cardíaca', 'corazón humano', 'philia', 'afecto', 'filia', 'simpatía', 'ternura', 'afección', 'afición', 'amor', 'apego', 'afectividad', 'cariño']","['心臓', '心腔', 'ヒトの心臓', 'ハート', '愛着', 'フィリア', '心形']","['심장', '애착', '햅틱', '필리아']","['süda', 'Afektsioon']","['sydän', 'sydänlihas', 'pumppu', 'kiintymys', 'rakkaus', 'mieltymys', 'sydämellisyys', 'lämpö', 'lämminsydämisyys', 'rakastavuus', 'filia', 'hellyys', 'heikkous']","['hart', 'human heart', 'hartkamer', 'lever', 'tikkertje', 'tikker', 'rikketik', 'affectie', 'Philia', 'genegenheid']","['हृदय', 'प्रेम', 'स्नेह', 'कल्ब', 'दिल', 'क़ल्ब']","['cuore', 'cuore umano', 'Superficie diaframmatica', 'superficie diaframmatica del cuore', 'philia', 'affezione', 'affetto', 'attaccamento', 'bene', 'amore']",heart
"['mine terrestre', 'dispositif piège', 'Dispositif piège', 'mine', 'piège', 'trappe']","['Landmine', 'Sprengfalle', 'Mine', 'Falle']","['противопехо́тная ми́на', 'наземная мина', 'назе́мная ми́на', 'ми́на']","['land mine', 'mine', 'ground-emplaced mine', 'booby trap', 'snare', 'hook', 'trap']","['陷阱', '詭雷', '地雷', '圈套']","['mina', 'mina terrestre', 'trampa cazabobos', 'Trampa cazabobos', 'trampa explosiva', 'trampa', 'cepo']","['ブービートラップ', '地雷', '罠']","['부비 트랩', '지뢰']","['Maamiin', 'maamiin', 'miin', 'Püünismiin', 'püünismiin']","['Räjähdeansa', 'maamiina', 'räjähdeansa', 'miina', 'pommiansa', 'ansa']","['mijn', 'boobytrap', 'Boobytrap', 'landmijn', 'val', 'klem', 'zwanenhals']","['लैंड माइन', 'बारूदी बम', 'सुरंग बम', 'बूबी ट्रैप']","['mina', 'mina terrestre', 'Trappola esplosiva', 'trappola']",hook
"['citaro', 'trompe-laquais', 'campurgne', 'guimbarde', 'trompettiste', 'harpe à bouche', 'trompette tsigane', 'hanche-en-ruban', 'trompe de Béarn', 'cornet', 'trompette', 'cornet à pistons', 'corne']","['Drommeter', 'Kornett', 'Trompete', 'Maultrommel', 'Trompeter', 'Drommete']","['варган', 'труба', 'корнет', 'труба́', 'корне́т', 'корне́т-а-писто́н']","['cornet', 'mouth harp', 'trump', 'juice harp', ""Jew's trump"", 'Ozark harp', 'jaw harp', ""Jew's harp"", 'trumpet', 'guimbarde', 'trumpet player', 'trumpeter', 'horn']","['小号', '口弦', '小號', '口簧琴', '喇叭', '短號']","['guimbarda', 'arpa de boca', 'birimbao', 'trompe', 'guimbarde', 'trompeta', 'corneta', 'trompetista']","['口琴', 'トランペット', 'コルネット', '喇叭']","['트럼펫', '코넷']","['kornet', 'parmupill', 'trompet', 'Kornet']","['munniharppu', 'torvi', 'kornetti', 'vaskitorvi', 'trumpetti', 'vaskipuhallin']","['trompet', 'trompetist', 'cornet', 'mondharp', 'kornet', 'cornet à pistons']","['तुरही', 'भोंपू', 'भोपा']","['scacciapensieri', 'tromba', 'corno da caccia', 'tromba militare', 'armonica', 'cornetta', 'corno']",horn
"['cheval', 'equus caballus']","['Gaul', 'Pferd', 'Ross', 'Hauspferd']","['лошадь', 'домашняя лошадь']","['horse', 'Equus caballus']","['馬', '马']","['caballo', 'Equus ferus caballus', 'yegua', 'equinos']","['ウマ', 'Equus caballus']",['말'],['hobune'],"['hevonen', 'Equus caballus']","['paard', 'peerd', 'viervoeter', 'ros']",['घोड़ा'],"['cavallo', 'Equus ferus caballus', 'Equus caballus']",horse
"['bâtiment', 'bâtiment public', 'édifice', 'immeuble', 'maison', 'domicile', 'habitation', 'résidence', 'logement', 'foyer', 'demeure', 'gestion de logement', 'hébergement', 'local']","['Gebäude', 'öffentliches Gebäude', 'Bauwerk', 'Bau', 'Haus', 'Zuhause', 'Heim', 'Domizil', 'Nest', 'Behausung', 'Elternhaus', 'Wohnsitz', 'Wohnhaus', 'Wohnung', 'Wohnstätte', 'Wohnungswesen', 'Unterkunft', 'Übernachtung', 'Räumlichkeiten', 'Lokal', 'Gelände']","['здание', 'постройка', 'общественное здание', 'зда́ние', 'дом', 'постро́йка', 'строе́ние', 'жилище', 'место жительства', 'резиде́нция', 'жильё', 'местожи́тельство', 'жили́ще', 'ме́сто жи́тельства', 'ночле́г', 'расквартирова́ние', 'недви́жимость', 'помеще́ние', 'владе́ние', 'террито́рия']","['building', 'public building', 'edifice', 'house', 'home', 'dwelling', 'habitation', 'dwelling house', 'abode', 'domicile', 'Flotten, Hemmet och Sandlådan', 'residence', 'housing', 'lodging', 'living accommodations', 'accommodation', 'premises']","['房屋', '建筑物', '建築物', '大建筑物', '大厦', '更常指大而气派的建筑', '建筑', '大廈', '建築', '家屋', '住宅', '家', '房子', '居所', '住所', '住处', '住處', '寄宿', '住宿', '膳宿', '厂址', '房地', '廠址']","['edificación', 'edificio', 'edificio público', 'casa', 'inmueble', 'edificios', 'construcción', 'hogar', 'residencia', 'morada', 'alojamiento', 'domicilio', 'habitáculo', 'vivienda', 'vasa', 'habitación', 'piso', 'hospedaje', 'viviendas', 'sitio', 'propiedad', 'local', 'lugar']","['建物', 'ビル', '建築物', '建屋', '家', '家屋', '住宅', '実家', '住居', '居留', '故郷', '住所', 'ハウジング', '宿泊', '邸内', '構内']","['건물', '건축물', '빌딩', '집', '주거', '거류', '주택', '숙박']","['ehitus', 'ehitis', 'hoone', 'maja', 'sünnikodu']","['julkinen rakennus', 'rakennus', 'rakennelma', 'talo', 'lapsuudenkoti', 'kotiosoite', 'asuinpaikka', 'asunto', 'kotitalo', 'kotipaikka', 'asuinrakennus', 'koti', 'asumus', 'paikka', 'kämppä', 'majapaikka', 'majoitus', 'asunnot', 'asuinrakennukset', 'kiinteistö', 'tilat', 'alue', 'toimitilat']","['gebouw', 'openbaar gebouw', 'bouwwerk', 'pand', 'huis', 'bouwen', 'perceel', 'bouw', 'denkkader', 'constructie', 'optrekje', 'woning', 'onderdak', 'woonplaats', 'verblijf', 'domicilie', 'woonhuis', 'huisje', 'tehuis', 'honk', 'home', 'thuis', 'woonadres', 'huisvesting', 'woonst', 'residentie', 'heem', 'behuizing', 'woongelegenheid', 'woonruimte', 'volkshuisvesting', 'logies', 'onderkomen', 'slaapplaats', 'slaapgelegenheid', 'rustplaats']","['इमारत', 'निर्माण', 'बिल्डिंग', 'भवन', 'घर', 'मकान', 'जन्मभूमि', 'गृह', 'आवास']","['fabbricato', 'edificio', 'edificio pubblico', 'stabile', 'costruzione', 'locale', 'palazzo', 'edificazione', 'casa', 'domicilio', 'abitazione', 'dimora', 'residenza', 'magione', 'alloggio']",house
"['ile', 'île']","['Insel', 'Eiland']",['остров'],"['isle', 'island']","['海岛', '島嶼', '海島', '嶋', '島', '岛屿', '岛', '嶌']","['isla', 'islas']",['島'],['섬'],['saar'],"['saari', 'saareke']","['eiland', 'enclave']",['द्वीप'],['isola'],island
"['kettle', 'bouilloire à thé', 'bouilloire']","['Toteissee', 'Teekessel', 'Kochtopf', 'Pfeifkessel', 'Kessel', 'Wasserkessel']","['золль', 'Золль', 'котёл', 'чайник', 'ча́йник']","['kettle', 'kettle hole', 'teakettle', 'tea kettle', 'boiler']","['水壶', '锅穴', '壶', '燒水壺', '壺', '水壺']","['kettle', 'marmita de gigante', 'hervidor', 'caldera', 'calentador', 'Caldera']","['ケトル', 'やかん', '薬缶']",['주전자'],"['sulglohk', 'teekann']","['suppa', 'hiidenkirnu', 'teepannu', 'kattila', 'keittoastia', 'höyrykeitin', 'keitin', 'boileri']","['doodijsgat', 'theeketel', 'ketel', 'fluitketel', 'soepkip', 'waterketel']",['केतली'],"['kettle', 'Kettle', 'bollitore da tè', 'bollitore', 'cucuma', 'pentola', 'caldaia']",kettle
"['clef', 'clé']",['Schlüssel'],"['кпюч', 'Замковый ключ', 'ключ']",['key'],"['钥匙', '鑰匙']","['llave', 'clave']",['鍵'],['열쇠'],"['võti', 'toon', 'klahv', 'Võti']",['avain'],"['sleutel', 'toets']","['ताली', 'चाबी']",['chiave'],key
['couteau'],['Messer'],"['нож', 'но́жик']",['knife'],"['刀子', '刀', '小刀']",['cuchillo'],"['小刀', '包丁', 'ナイフ']","['나이프', '칼']",['nuga'],"['veitsi', 'puukko']",['mes'],"['छुरी', 'चाकू', 'चाक़ू']",['coltello'],knife
['nœud'],['Knoten'],['узел'],['knot'],"['繩結', '结', '节']","['nudo', 'lazo']",['結び目'],['매듭'],"['sõlm', 'Sõlm']","['solmu', 'Solmu']",['knoop'],['गांठ'],"['nodo', 'annodamento', 'groppo', 'annodatura']",knot
"['feuillage', 'feuille']","['Belaubung', 'Blattwerk', 'Blatt', 'Laub', 'Laubwerk', 'Blätterwerk', 'Laphi']","['лист', 'листва']","['leaf', 'foliage', 'leafage', 'Laphi']","['葉子', '叶', '叶子', '葉']","['hoja', 'follaje', 'Laphi']",['葉'],['잎'],"['leht', 'lehestik']","['lehvistö', 'lehdistö', 'havupuun neulanen', 'lehvästö', 'lehdet', 'lehti']","['lover', 'gebladerte', 'blad', 'Laphi', 'blaadje']","['पत्ता', 'पत्ती']","['foglia', 'fogliame', 'chioma']",leaf
"['jambon', 'jambe', 'jambes', 'membre inférieur humain']","['Schinken', 'Kasseler', 'Rollbraten', 'Rohschinken', 'Bein', 'Beine', 'menschliches Bein']","['ветчина', 'окорок', 'мясной рулет', 'ветчина́', 'о́корок', 'сырая ветчина', 'хамо́н', 'нога', 'нога человека', 'Нога человека']","['ham', 'jambon', 'gammon', 'Gammon', 'raw ham', 'pin', 'leg', 'legs', 'human leg']","['腿', '火腿', '火腿肉', '人腿', '人類腿部']","['pernil', 'jamón', 'jambon', 'corva', 'pierna', 'piernas', 'miembro inferior', 'miembro inferior humano', 'pata']","['ハム', '脚', '足']","['햄', '생햄', '다리', '사람의 다리']",['sink'],"['kinkku', 'jalka', 'sääri']","['ham', 'hesp', 'gerookte ham', 'schink', 'knieboog', 'achterham', 'benen', 'poot', 'stelt', 'been', 'menselijke been', 'onderdanen', 'onderdaan']","['हैम', 'पाया', 'पैर', 'पांव']","['prosciutto', 'prosciutto crudo', 'gambe', 'gamba', 'arto inferiore umano', 'arto inferiore']",leg
"['librairie', 'bibliothèque']","['Bibliothek', 'Bücherei']","['библиотека', 'библиоте́ка']",['library'],['图书馆'],"['biblioteca', 'librería']","['図書館', '双書', '叢書']","['도서관', '장서']",['raamatukogu'],"['kirjasto', 'kokoelma']","['bibliotheek', 'boekerij', 'boekenkast', 'boekenverzameling']",['पुस्तकालय'],"['biblioteca', 'libreria']",library
"['télévision', 'vidéo', 'télé', 'téloche', 'téléviseur']","['Television', 'Video', 'Fernsehen', 'Videotechnik', 'TV-Gerät', 'Fernseher', 'Fernsehapparat', 'Fernsehempfänger', 'Fernsehgerät']","['видео', 'телевидение', 'видеолента', 'ТВ', 'телеви́дение', 'телевизор']","['television', 'video', 'TV', 'telecasting', 'videotape recording', 'tv', 'telly', 'idiot box', 'tv set', 'television set', 'boob tube', 'google box', 'television receiver', 'goggle box']","['電視', '片', '視頻', '影片', '电视', '视频', '電視機', '电视机']","['video', 'televisión', 'vídeo', 'tele', 'televisor', 'tv', 'television', 'TV', 'caja idiota', 'aparato de televisión', 'caja tonta']","['テレビ', 'ビデオ', 'テレビジョン', 'テレビ受像機']","['텔레비전', '티뷔', '비디오', '티비', '텔레비', '전시', '테레비', '티브이', '텔레비전 수상기']","['video', 'televisioon', 'teler', 'televiisor', 'Televiisor']","['televisio', 'video', 'TV', 'televisiointi', 'televisiovastaanotin', 'töllötin', 'telkkari', 'telkka', 'televisiolaite', 'pönttö', 'telkku', 'tv']","['video', 'televisie', 'videotechniek', 'kijkbuis', 'beeldomroep', 'televisietoestel', 'buis', 'tv', 'televisieontvanger', 'teeveetoestel', 'beeldbuis', 'kijkdoos', 'kastje', 'televisie-ontvanger', 't.v.', 'teevee', 'treurbuis', 'kijkkast']","['दूरदर्शन', 'टीवी', 'टेलिविजन', 'टेलीविज़न', 'वीडियो', 'टेलिविजन सेट']","['televisione', 'video', 'tivù', 'tele', 'tivvù', 'TV', 'televisore', 'tv', 'teleschermo']",line
"['Nepenthes', 'nepenthes', 'lèvres', 'lèvre']","['Kannenpflanzen', 'Lippe']","['непентес', 'Непентес', 'губа', 'губы']","['Nepenthes', 'genus Nepenthes', 'lips', 'lip']","['唇', '猪笼草属', '猴水瓶', '猪笼草', '雷公壶', '水罐植物', '猴子埕', '猪仔笼', '嘴唇']","['Nepenthes', 'genus nepenthes', 'nepenthes', 'labio', 'labios']","['ウツボカズラ属', 'ウツボカズラ']","['벌레잡이풀속', '입술']","['kanntaim', 'Kanntaim', 'huuled', 'Huuled']","['kannukasvit', 'Kannukasvit', 'kannukasvien suku', 'huuli', 'huulet']","['Nepenthes', 'nepent', 'lip', 'lippen', 'grote bek', 'grote mond', 'tegenspraak']","['होंठ', 'ओष्ठ']","['Nepenthes', 'labbro', 'labbra']",lip
"['fonction', 'application', 'fonction monovaluée']","['Funktion', 'Abbildung']","['отображение', 'математическая функция', 'однозначная функция', 'функция']","['function', 'map', 'mapping', 'single-valued function', 'mathematical function']","['函数', '映射']","['función matemática', 'aplicación', 'función', 'mapa', 'función monovaluada', 'correspondencia unívoca', 'correspondencia']","['一価関数', '関数', '写像']","['일가함수', '맵핑', '함수']",['funktsioon'],"['funktio', 'matemaattinen funktio', 'kuvaus', 'yksiarvoinen funktio']","['functie', 'afbeelding', 'wiskundige functie', 'enkelwaardige functie']","['फलन', 'प्रतिचित्रण']","['funzione', 'funzione matematica', 'mappa']",map
['allumette'],"['Zündholz', 'Streichholz', 'Hölzchen']","['спичка', 'спи́чка']","['match', 'friction match', 'lucifer']",['火柴'],"['fósforo', 'cerilla', 'cerillo', 'mixto', 'misto', 'lucifer', 'fosforo']","['マッチ', '燐寸']",['성냥'],"['tuletikk', 'Tuletikk', 'tikk']","['tulitikku', 'rikkitulitikku']","['zwavelstokje', 'lucifer']",['माचिस'],"['fiammifero', 'zolfanello']",match
['singe'],['Affe'],"['обезьяна', 'обезьяны']",['monkey'],"['猴子', '猴']","['mono', 'mico', 'simio']","['猿', 'サル']",['원숭이'],"['ahv', 'Ahv']","['apina', 'apinat']","['aap', 'apen']",['बंदर'],"['scimmia', 'quadrumane']",monkey
"['lune', 'satellite naturel']","['Mond', 'Trabant', 'Mond des Sonnensystems']","['луна', 'естественный спутник']","['natural satellite', 'moon', 'moons']","['衛星', '月球', '月亮', '卫星']","['satélite', 'satélite natural', 'luna']",['月'],['위성'],"['kuu', 'Planeedi kaaslane', 'planeedi kaaslane']",['kuu'],"['maan', 'manen', 'wachter', 'natuurlijke maan', 'maand']",['प्राकृतिक उपग्रह'],"['luna', 'lune', 'satellite naturale']",moon
"['cavité buccale', 'bouche', 'cavité orale', 'gueule', 'vestibule de la bouche']","['Schnauze', 'Mundhöhle', 'Maul', 'Mund']","['рот', 'уста́', 'ротова́я по́лость', 'пасть', 'преддверие рта']","['mouth', 'oral cavity', 'oral fissure', 'rima oris', 'buccal cavity', 'vestibule of mouth']","['嘴', '口', '嘴子', '口腔', '嘴巴']","['cavidad oral', 'boca', 'cavidad bucal', 'desembocadura', 'rima oris', 'nariz']","['口', '口腔前庭']",['입'],"['suu', 'Suu']","['suu', 'suuontelo', 'kita', 'suuaukko']","['mond', 'bek', 'muil', 'riviermond', 'monding', 'reukorgaan', 'snufferd', 'snotkoker', 'neus']","['मुख', 'मुँह']","['cavità orale', 'bocca', 'cavo orale']",mouth
"['muscle', 'chair']","['Muskel', 'Fleisch']","['мышцы', 'му́скул', 'мы́шца', 'мышца', 'плоть', 'те́ло', 'мягкая ткань', 'мясо']","['musculus', 'muscle', 'muscular tissue', 'flesh']","['肌肉', '筋肉', '肉', '肌肉组织']","['músculo', 'tejido muscular', 'carne']","['筋肉', '筋', '身', '肉']","['근육', '살', '고기']","['lihas', 'Lihas', 'liha']","['lihas', 'lihaskudos', 'liha']","['spier', 'spierweefsel', 'vlees']","['पेशी', 'क्रव्य', 'लहम', 'मांस']","['muscolo', 'carne']",muscle
['ongle'],"['Fingernagel', 'Nagel']","['ноготь', 'но́готь', 'ногти']","['fingernail', 'nail']","['手指甲', '指甲', '脚趾甲']","['uña', 'garra']",['爪'],"['손톱', '손발톱']","['küüs', 'Küüs']","['kynsi', 'Kynsi']","['vingernagel', 'nagel']","['नाख़ुन', 'नख', 'नाखून']",['unghia'],nail
"['acuponcture', 'acupuncture', 'aiguille', 'aiguille hypodermique', ""canule d'injection""]","['Akupunktur', 'Injektionsnadel']","['акупунктура', 'акупункту́ра', 'иглоука́лывание', 'туше', 'Туше']","['acupuncture', 'stylostixis', 'pin', 'fall', 'needle', 'hypodermic needle']","['针', '針灸', '针灸', '针刺', '針刺', '针术', '針術', '针刺疗法', '壓制']","['acupuntura', 'pin', 'aguja hipodérmica', 'aguja']","['鍼治療', '鍼治', '鍼術', '鍼', '鍼灸', 'フォール技']","['침술', '주사 바늘']","['akupunktuur', 'Akupunktuur', 'nõelravi']","['akupunktio', 'neulahoito', 'akupunktuuri', 'kaato', 'neula']","['acupunctuur', 'naald', 'injectienaald']",['एक्यूपंक्चर'],"['agopuntura', 'schienata', 'atterramento', 'diroccamento', 'ago', 'ago ipodermico']",needle
"['système nerveux', 'nerf']","['Nervensystem', 'Nerv']","['нервная система', 'не́рвная систе́ма', 'нерв']","['nervous system', 'systema nervosum', 'nerve', 'nervus']","['神经', '神经系统', '神經系統']","['sistema nervioso', 'systema nervosum', 'nervio', 'nervus']","['神経系', '神経']","['신경계', '신경계통', '신경']","['närvisüsteem', 'närv']","['hermojärjestelmä', 'hermosto', 'systema nervosum', 'hermo']","['zenuwstelsel', 'zenuwgestel', 'zenuw']","['तन्त्रिका तन्त्र', 'तंत्रिका']","['sistema nervoso', 'nervatura', 'nervo', 'nerbo']",nerve
"['internet', 'réseau informatique', 'réseau', 'Internet', 'cyberespace', 'filet', 'maille de tricot', 'maillage', 'tissus']","['Internet', 'Netzwerk', 'Rechnernetz', 'Computernetzwerk', 'Netz', 'Cyberspace', 'Gittergewebe', 'Gitter']","['Интернет', 'компьютерная сеть', 'киберпространство', 'сеть', 'интерне́т', 'мерёжа', 'Сетка', 'мре́жа', 'се́тка']","['network', 'Internet', 'computer network', 'internet', 'net', 'cyberspace', 'mesh', 'meshwork', 'meshing', 'knitting stitch']","['计算机网络', '電腦網路', '互联网', '互聯網', '信息空间', '因特網', '网际网路', '网路', '網絡', '網際網路', '因特网', '网络', '網路', '赛博空间', '虚拟空间', '网络空间', '網', '筛', '网孔', '网', '網孔']","['red de computadoras', 'red de ordenadores', 'red informática', 'Internet', 'red', 'internet', 'ciberespacio', 'malla', 'rejilla']","['コンピュータ・ネットワーク', 'インターネット', 'ネット', 'サイバースペース', '編', '網', 'メッシュ']","['인터넷', '인터네트', '누리망', '넷', '가상 공간', '그물', '망']","['Internet', 'veeb', 'nett', 'küberruum', 'Kübermaailm', 'võrk', 'internet', 'kübermaailm']","['internet', 'netti', 'Internet', 'kyberavaruus', 'verkko', 'seula']","['netwerk', 'computernetwerk', 'Internet', 'cyberspace', 'internet', 'gaas', 'net', 'breisteek', 'vangnet']","['इन्टरनेट', 'सायबरस्पेस', 'अंतरजाल', 'इंटरनेट', 'अंतर्जाल', 'जाल']","['internet', 'rete informatica', 'rete di calcolatori', 'rete', 'Internet', 'cyberspazio', 'maglia', 'reti']",net
"['nez', 'pif']",['Nase'],['нос'],"['nose', 'olfactory organ']","['鼻子', '鼻']","['nariz', 'órgano olfactivo', 'olfato']","['鼻', '嗅覚器官']",['코'],"['nina', 'Nina']","['nenä', 'hajuelin']","['neus', 'snufferd', 'snotkoker', 'reukorgaan']","['नासिका', 'नाक']",['naso'],nose
"['organisme', 'autorité', 'agence', 'bureau', 'agence publique', 'ministère', 'office', 'administration fédérale']","['Bureau', 'Autorität', 'Amt', 'Koryphäe', 'Büro', 'Behörde', 'Kontor', 'Bürogebäude']","['офис', 'орган публичной власти', 'аге́нтство', 'правительственный офис', 'о́рган']","['agency', 'authority', 'office', 'federal agency', 'government agency', 'bureau', 'government office', 'business office']","['辦公室', '办公室', '政府机构', '政府機構', '事务所']","['autoridad', 'agencia', 'oficina', 'organismo público', 'oficina gubernamental', 'organismo autónomo', 'departamento']","['オフィス', '事務所', '事務室', '執務室', '官庁', '政府機関']","['사무실', '정부 기관', '관청', '오피스']","['kontor', 'büroo', 'asutus', 'Kontor']","['virka', 'työhuone', 'toimisto', 'virasto', 'viranomainen', 'ministeriö', 'valtion virasto', 'liittovaltion virasto', 'elin', 'laitos', 'taloustoimisto']","['kantoor', 'autoriteit', 'bureau', 'bureel', 'expert', 'agentschap', 'overheidsagentschap', 'dienst', 'overheidsinstelling', 'kantoorgebouw', 'kabinet']","['दफ़्तर', 'कार्यालय', 'एजेंसी', 'प्राधिकार']","['ente', 'organo', 'ufficio', 'agenzia', 'fonte', 'agenzia governativa', 'istituzione', 'uffizio', 'studio']",office
['orange'],['Orange'],"['оранжевый', 'ора́нжевый', 'оранжевый цвет', 'ора́нжевый цвет']","['orangeness', 'orange']","['橙色', '橘色', '橙黃色', '橘黃色', '橙黄色', '橘黄色']","['naranja', 'anaranjado']","['オレンジ色', '蜜柑色']","['주황', '주황색']",['oranž'],"['oranssius', 'oranssi', 'oranssisuus']",['oranje'],['नारंगी'],"['arancione', 'arancio']",orange
"['four', 'foyer', 'étuve', 'poêle']","['Ofen', 'Backofen']","['печь', 'духо́вка', 'пе́чка', 'домашняя печь', 'буржу́йка']","['oven', 'stove']","['炉', '爐', '烤炉', '烤爐', '烘箱', '烘爐', '烘炉', '火爐', '火炉']","['horno', 'estufa', 'calentador']","['オーブン', 'コンロ', 'ストーブ', '焜炉', '暖炉']","['오븐', '난로']","['ahi', 'Ahi', 'pliit']","['uuni', 'ilman esikuumennin', 'kasvihuone', 'kamiina']","['bakoven', 'oven', 'kachel', 'haard', 'verwarmingstoestel', 'kacheltje']","['ओवन', 'चूल्हा', 'तन्दूर', 'तापक', 'स्टोव']","['forno', 'stufa', 'fornello', 'fuoco']",oven
"['stylographe', 'stylo à encre', 'stylo']","['Füller', 'Feder', 'Schreibstift']","['ручка', 'перо', 'авторучка']",['pen'],"['筆', '钢笔']","['pluma', 'boli', 'bolígrafo']","['ボールペン', 'ペン']",['펜'],"['sulg', 'sulepea']","['kynä', 'mustekynä']",['pen'],"['क़लम', 'पेन', 'लेखनी']",['penna'],pen
['crayon'],['Bleistift'],['карандаш'],['pencil'],"['铅笔', '鉛筆']",['lápiz'],"['えんぴつ', '鉛筆']",['연필'],['pliiats'],"['lyijykynä', 'kynä']","['crayon', 'potlood', 'kwastje', 'penseel']","['पेन्सिल', 'पेंसिल']","['matita', 'lapis']",pencil
"['film', 'pellicule', 'celluloïd', 'cinéma']",['Film'],"['кинофильм', 'фильм']","['movie', 'film', 'motion picture', 'motion-picture show', 'flick', 'moving picture', 'pic', 'picture', 'picture show', 'moving-picture show', 'celluloid', 'cinema']","['电影', '電影', '影片', '电影胶片', '赛璐珞']","['película', 'producción', 'film', 'filme', 'cine', 'cinema', 'celuloide']",['映画'],['영화'],['film'],"['filmi', 'ohut kalvo', 'elokuva', 'leffa', 'elokuvanäytös', 'elokuvateollisuus']","['film', 'rolprent', 'filmkunst', 'cinematografie']",['फ़िल्म'],"['pellicola', 'film', 'opera cinematografica', 'cinema', 'cinematografia', 'cinematografo']",picture
"['porc', 'cochon', 'Sus', 'Sus scrofa domestica']","['Hausschwein', 'Schwein', 'Sus']","['свинья', 'кабаны', 'вепрь', 'свинья́', 'домашняя свинья', 'бо́ров', 'Sus scrofa domestica']","['pig', 'hog', 'grunter', 'Sus scrofa', 'squealer', 'Sus']","['豬', '猪', '猪属', '家豬', 'Sus scrofa domestica']","['marrano', 'puerco', 'cerdo', 'cochino', 'Sus', 'Sus scrofa domestica', 'cochi', 'porc', 'gocho', 'gorrino', 'cochín', 'guarro', 'cuchi', 'chon', 'sus', 'chancho', 'tunco', 'cuto', 'cocho', 'cerdo gruñón', 'Sus scrofa']","['豚', 'ブタ', 'イノシシ属', 'Sus scrofa domestica']","['돼지', '멧돼지속', 'Sus scrofa domestica']","['siga', 'sigalane', 'Sus scrofa domestica']","['sika', 'siat', 'Siat', 'possu', 'Sus scrofa', 'syöttökarju']","['varken', 'zwijn', 'echte zwijnen', 'krulstaart']","['सूअर', 'सुस', 'घरेलू सुअर', 'Sus scrofa domestica']","['maiale', 'porco', 'sus scrofa domesticus', 'Sus', 'Sus scrofa', 'suino', 'Sus scrofa domestica']",pig
"['jambon', 'jambe', 'jambes', 'membre inférieur humain']","['Schinken', 'Kasseler', 'Rollbraten', 'Rohschinken', 'Bein', 'Beine', 'menschliches Bein']","['ветчина', 'окорок', 'мясной рулет', 'ветчина́', 'о́корок', 'сырая ветчина', 'хамо́н', 'нога', 'нога человека', 'Нога человека']","['ham', 'jambon', 'gammon', 'Gammon', 'raw ham', 'pin', 'leg', 'legs', 'human leg']","['腿', '火腿', '火腿肉', '人腿', '人類腿部']","['pernil', 'jamón', 'jambon', 'corva', 'pierna', 'piernas', 'miembro inferior', 'miembro inferior humano', 'pata']","['ハム', '脚', '足']","['햄', '생햄', '다리', '사람의 다리']",['sink'],"['kinkku', 'jalka', 'sääri']","['ham', 'hesp', 'gerookte ham', 'schink', 'knieboog', 'achterham', 'benen', 'poot', 'stelt', 'been', 'menselijke been', 'onderdanen', 'onderdaan']","['हैम', 'पाया', 'पैर', 'पांव']","['prosciutto', 'prosciutto crudo', 'gambe', 'gamba', 'arto inferiore umano', 'arto inferiore']",pin
"['aéroplane', 'avion']","['Flugzeug', 'Flieger', 'Maschine']","['самолёт', 'аэроплан', 'аэропла́н']","['aeroplane', 'fixed-wing aircraft', 'plane', 'airplane']","['飛機', '飛龍機', '飞机', '飛行機', '飞行机', '飞龙机', '固定翼飛機']","['avión', 'aeroplano', 'Avión', 'aeronave']","['飛行機', '航空機']",['비행기'],"['lennuk', 'aeroplaan']","['lentokone', 'kone']","['vliegtuig', 'toestel', 'vliegmachine', 'kist']","['हवाई जहाज़', 'वायु-यान', 'हवाई जहाज', 'विमान']","['aereo', 'aeroplano', 'apparecchio', 'aeromobile', 'areoplano', 'velivolo']",plane
"[""plaque d'immatriculation"", 'plaque', 'plaque minéralogique', 'plaque de police', 'licence']","['Kfz-Kennzeichen', 'Nummernschild', 'Autokennzeichen', 'Kennzeichenschild', 'Kraftfahrzeugkennzeichen', 'Lizenz', 'Schein', 'Genehmigung', 'Erlaubnis']","['автомоби́льный но́мер', 'номерно́й знак', 'автомобильный номер', 'автомобильные номера', 'лицензия', 'удостовере́ние', 'лице́нзия', 'разреше́ние']","['license plate', 'number plate', 'plate', 'registration plate', 'licence plate', 'numberplate', 'vehicle registration plate', 'permit', 'license', 'licence']","['牌照', '車輛號牌', '車牌', '號牌', '车牌', '号牌', '授權', '许可', '許可證', '许可证', '执照', '特许']","['placa', 'chapa', 'patente', 'matrícula', 'tablilla', 'licencia', 'permiso']","['ナンバープレート', 'ライセンス', '利用許諾', '免許']","['자동차 번호판', '차량 번호판', '면허', '면허증']","['litsents', 'luba']","['rekisterikilpi', 'lisenssi', '-kortti', 'ajokortti', 'valtakirja', 'lupakirja', 'lupa']","['kentekenplaat', 'nummerbord', 'nummerplaat', 'licentie', 'vergunning']","['वाहन पंजीकरण प्लेट', 'लाइसेंस', 'अनुज्ञा']","['targa', 'targa di immatricolazione', ""targa d'immatricolazione"", ""Targa d'immatricolazione"", 'targa automobilistica', 'licenza', 'permesso', 'autorizzazione', 'lasciapassare', 'passi', 'salvacondotto', 'nulla osta']",plate
['charrue'],['Pflug'],['плуг'],"['plough', 'plow']",['犁'],"['arado', 'arar', 'arada']","['鋤', '鍬', 'プラウ']",['쟁기'],"['ader', 'Ader']",['aura'],['ploeg'],"['नांगल', 'हल']",['aratro'],plough
"['poche', 'poche pantalon', 'poche de pantalon']","['Hosentasche', 'Tasche', 'Sack']","['карман', 'карман брюк', 'карма́н', 'карма́шек']","['pocket', 'trouser pocket']","['口袋', '荷包']","['bolsillo', 'bolsa']","['ポケット', '懐中']","['호주머니', '주머니', '포켓']","['tasku', 'Tasku']",['tasku'],"['zak', 'broekzak']","['जेब', 'चेद']","['tasca dei calzoni', 'tasca dei pantaloni', 'tasca']",pocket
"['patate', 'pomme de terre', 'cacahouète', 'cacahuète', 'arachide', 'pinotte', 'Arakido', 'arachis hypogaea']","['Erdapfel', 'Speisekartoffel', 'Tartuffel', 'Härdöpfel', 'Krumenbeere', 'Kartoffel', 'Grundbirne', 'Kartoffeln', 'Erdnuss', 'Arakido']","['картофель', 'арахис', 'кита́йский оре́х', 'ара́хис', 'земляно́й оре́х', 'арахис культурный']","['potato', 'tater', 'spud', 'murphy', 'white potato', 'Irish potato', 'monkey nut', 'peanut', 'groundnut', 'jack nut', 'pinda', 'earthnut', 'goober', 'peanut vine', 'Arachis hypogaea', 'Arakido']","['土豆', 'patatas', '马铃薯', '馬鈴薯', '花生', '长生果', '長生果', '落花生']","['patata', 'papa', 'Solanum tuberosum', 'tater', 'maní', 'cacahuete', 'cacahuate', 'Arakido', 'Arachis hypogaea']","['じゃがいも', 'ジャガイモ', 'Solanum tuberosum', 'ラッカセイ', '落花生', 'ピーナツ']","['감자', 'Solanum tuberosum', '땅콩']","['kartul', 'harilik kartul', 'maapähkel', 'arahhispähkel', 'hiina pähkel', 'arahhis', 'Arakido', 'harilik maapähkel']","['peruna', 'potaatti', 'pottu', 'maapähkinä', 'Arakido', 'Arachis hypogaea']","['patat', 'aardappel', 'pieper', 'knol', 'olienoot', 'pinda', 'grondnoot', 'aardnoot', 'apennoot', 'Arakido', 'arachidenoot', 'apenoot']","['आलू', 'Solanum tuberosum', 'मूँगफली', 'चिनियाबदाम']","['patata', 'Solanum tuberosum', 'scachetto', 'arachide', 'Arachis hypogaea', 'bagigio', 'Arakido']",potato
"['prison', 'pénitencier', 'tôle', 'trou', 'placard', 'taule', 'geôle', 'cabane']","['Strafanstalt', 'Kittchen', 'Gefängnis', 'Bau', 'Knast', 'Haftanstalt', 'Loch']","['тюрьма', 'тюряга', 'острог', 'каталажка', 'узилище', 'кутузка']","['jail', 'prison', 'gaol', 'lockup', 'prison house', 'jailhouse', 'slammer', 'clink', 'pokey', 'poky']","['监狱', '拘留所', '班房', '监牢', '監獄', '监禁']","['cárcel', 'prisión', 'penitenciaría', 'gayola', 'calabozo', 'penal', 'gobi', 'talego', 'presidio', 'pokey', 'trullo', 'penalti']","['監獄', 'けいむしょ', 'かんごく', '刑務所']",['교도소'],['vangla'],"['linna', 'vankila', 'tyrmä']","['nor', 'bajes', 'bak', 'cachot', 'lik', 'gevangenis', 'gevang', 'strafinrichting', 'kerker', 'penitentiaire inrichting', 'huis van bewaring', 'strafgevangenis', 'gevangenhuis', 'kot', 'petoet', 'kast', 'rijkshotel', 'pot']","['जेल', 'कारागार']","['carcere', 'prigione', 'galera', 'penitenziario', 'ergastolo', 'casa di detenzione', 'casa circondariale', 'casa di reclusione', 'casa di pena', 'reclusorio', 'gattabuia', 'gabbia']",prison
"['cœur', 'myocarde', 'cœur humain', 'cavité cardiaque', 'Philia', 'affection', 'philia']","['Herz', 'Philia', 'Affektion', 'Zuneigung']","['сердце', 'сердце человека', 'филия', 'се́рдце', 'привязанность', 'серде́чко']","['heart', 'ticker', 'pump', 'Diaphragmatic surface of heart', 'human heart', 'cardiac chamber', 'affectionateness', 'philia', 'fondness', 'warmheartedness', 'affection', 'tenderness', 'warmness', 'affectio']","['心脏', '心', '心臟', '胸口', '最高形式的爱', '友愛', '愛意', '心形', '爱情', '慈爱', '好感']","['corazón', 'cámara cardíaca', 'corazón humano', 'philia', 'afecto', 'filia', 'simpatía', 'ternura', 'afección', 'afición', 'amor', 'apego', 'afectividad', 'cariño']","['心臓', '心腔', 'ヒトの心臓', 'ハート', '愛着', 'フィリア', '心形']","['심장', '애착', '햅틱', '필리아']","['süda', 'Afektsioon']","['sydän', 'sydänlihas', 'pumppu', 'kiintymys', 'rakkaus', 'mieltymys', 'sydämellisyys', 'lämpö', 'lämminsydämisyys', 'rakastavuus', 'filia', 'hellyys', 'heikkous']","['hart', 'human heart', 'hartkamer', 'lever', 'tikkertje', 'tikker', 'rikketik', 'affectie', 'Philia', 'genegenheid']","['हृदय', 'प्रेम', 'स्नेह', 'कल्ब', 'दिल', 'क़ल्ब']","['cuore', 'cuore umano', 'Superficie diaframmatica', 'superficie diaframmatica del cuore', 'philia', 'affezione', 'affetto', 'attaccamento', 'bene', 'amore']",pump
"['souris', 'rat', 'Mus']","['Maus', 'Ratte', 'Mäuse']","['домовые мыши', 'мышь']","['mouse', 'rat', 'Mus']","['小鼠属', '小鼠', '鼠', '老鼠', '耗子', '家鼠']","['rata', 'ratón', 'ratón o rata', 'Mus']","['鼠', 'ハツカネズミ属']","['쥐', '생쥐속']","['Hiir', 'hiir']","['hiiri', 'kotihiiret', 'Kotihiiret']","['muizen en ratten van de Oude Wereld', 'Muis', 'muis', 'Mus', 'muisje']","['चूहा', 'मूषक']","['topo', 'sorcio', 'ratto', 'Mus']",rat
"['note', 'facture', 'addition', 'compte', 'reçu']","['Rechnung', 'Abrechnung', 'Faktura', 'Quittung']","['счет', 'Инвойс', 'счёт-факту́ра', 'инвойс', 'инво́йс', 'счёт', 'факту́ра', 'накладна́я', 'квитанция', 'Квитанция']","['note', 'receipt', 'invoice', 'bill', 'account']","['收据', '收據', '發票', '收費明細', '發單', '收费明细', '帐单', '发票', '费用清单', '发单', '帳單', '費用清單', '收条']","['factura', 'albarán', 'recibo', 'cuenta', 'Recibo']","['請求書', '送り状', 'インボイス', '領収書']","['송장', '인보이스', '계산서', '영수증']",['arve'],"['lasku', 'tili', 'ravintolalasku', 'tavaralasku', 'kuitti', 'Kuitti']","['factuur', 'rekening', 'beer', 'telling', 'nota', 'verslag', 'berekening', 'kwitantie', 'inkomsten', 'bon', 'betalingsbewijs']","['बिल', 'चालान', 'बीजक', 'इनवॉइस']","['bolletta', 'fattura', 'dovuto', 'spettanza', 'conto', 'bulletta', 'quietanza', 'ricevuta', 'polizza', 'ticket', 'quietazione', 'contromarca', 'scontrino', 'ricevuta fiscale', 'quetazione']",receipt
"['anneau', 'bague']","['Fingerring', 'Fingerreif', 'Ring', 'Reif', 'Reifen']","['кольцо', 'перстень', 'пе́рстень', 'кольцо́']","['ring', 'band']","['指環', '戒指', '指环']","['anillo', 'alianza', 'sortija']",['指輪'],"['가락지', '반지']",['sõrmus'],['sormus'],['ring'],"['अँगूठी', 'छल्ला', 'अंगूठी']",['anello'],ring
['châtiment corporel'],"['Prügelstrafe', 'Körperstrafe', 'körperliche Züchtigung']","['телесные наказания', 'теле́сное наказа́ние']",['corporal punishment'],"['体罚', '體罰']","['castigo corporal', 'castigo físico']",['体罰'],['체벌'],"['ihunuhtlus', 'Ihunuhtlus']","['ruumiinrangaistus', 'ruumiillinen rangaistus']",['lijfstraf'],['शारीरिक दण्ड'],['punizione corporale'],rod
['toit'],['Dach'],['крыша'],['roof'],['屋顶'],"['techumbre', 'techo', 'cubierta', 'tejado']",['屋根'],['지붕'],['katus'],"['ulkokatto', 'katto']",['dak'],['छत'],"['tetto', 'copertura']",roof
"['chevelure', 'pelage', 'cheveux', 'poil']",['Haar'],"['волосы', 'во́лос', 'волоси́нка', 'волоси́на']",['hair'],"['发丝', '髮絲', '毛', '毛髮', '頭髮', '头发', '毛发']","['cabello', 'pelo']",['毛'],"['털', '머리']","['karv', 'karvad']","['karvoitus', 'karva', 'hius', 'jouhi']","['haar', 'kuif', 'hoofd', 'beharing', 'hoofdhaar', 'haardos', 'kop', 'pruik']",['बाल'],"['pelo', 'peluria', 'capello']",root
['université'],['Universität'],['университет'],['university'],['大學'],['universidad'],['大学'],['대학'],['ülikool'],['yliopisto'],"['universiteit', 'academie']",['विश्वविद्यालय'],"['università', 'ateneo']",school
"['paire de ciseaux', 'ciseaux']",['Schere'],"['ножницы', 'Ножницы', 'но́жницы']","['scissors', 'pair of scissors']","['剪刀', '剪子']","['sax', 'tijeras', 'tijera']","['鋏', 'はさみ']",['가위'],"['käärid', 'Käärid']",['sakset'],['schaar'],"['क़ैंची', 'कैंची']","['forbici', 'forbice']",scissors
"['spirale', 'vis']","['Spirale', 'Schraube']","['спира́ль', 'спираль', 'винт']","['spiral', 'screw']","['螺旋', '螺线', '螺線', '螺旋形', '蜷线']","['espiral', 'tuerca de tornillo de potencia', 'tuerca husillo']","['渦巻線', 'スパイラル', '渦巻', 'ボールネジ']","['와선', '나선형', '라선형', '소용돌이선']","['spiraal', 'Spiraal']","['spiraali', 'Spiraali', 'kierukka', 'kierre', 'ruuvi', 'mutteri']","['spiraal', 'curve', 'schroef']",['सर्पिल'],"['spirale', 'vite']",screw
"['graine', 'semence']","['Samenkorn', 'Saat', 'Same', 'Samen']","['се́мя', 'семя', 'семена́']",['seed'],"['種子', '種', '种子', '种', '籽']","['semilla', 'pepita', 'simiente']",['種'],"['씨', '씨앗']",['seeme'],['siemen'],['zaad'],"['दाना', 'बीज']",['seme'],seed
"['rayon', 'étagère', 'tablard', 'tablette']",['Regal'],"['полка', 'по́лка']",['shelf'],"['貨架', '架子', '搁架', '架']","['estante', 'repisa', 'anaquel', 'balda', 'entrepaño', 'estantería']",['棚'],['선반'],"['Riiul', 'riiul']",['hylly'],"['plank', 'schap', 'legplank', 'rek met planken', 'rek', 'opslagplank', 'hoedeplank', 'hoedenplank']","['ताक', 'तख़्ता']","['scaffale', 'palchetto', 'ripiano', 'mensola', 'cartelliera', 'scansia']",shelf
"['navire', 'bateau', 'nacelle', 'barque', 'canot', 'vaisseau', 'embarcation']","['Schiff', 'Boot', 'Wasserfahrzeug']","['судно', 'кора́бль', 'ладья́', 'лодка', 'бот', 'ло́дка', 'чёлн', 'шлю́пка', 'ParaJet-Ski', 'плавучее средство', 'плавсредство', 'су́дно']","['ship', 'boat', 'vessel', 'watercraft']","['船', '无篷小船', '舟', '小船', '艇', '船隻', '船只', '船舶']","['barco', 'buque', 'navio', 'navío', 'embarcación', 'nave', 'bajel', 'bote', 'barca', 'barcos', 'casco', 'vaso']","['大型船舶', '舟', 'ボート', '船舶']","['선박', '보트', '배']","['laev', 'paat', 'veesõiduk', 'Veesõiduk']","['laiva', 'alus', 'vene', 'vesikulkuneuvo', 'vesialus']","['schip', 'kiel', 'boot', 'vaartuig', 'watervaartuig']","['जलयान', 'बेड़ी', 'नौका', 'बेड़ा', 'डोँगा', 'नाव', 'डोँगी', 'कश्ती', 'जहाज़']","['nave', 'dirigibile', 'astronave', 'naviglio', 'bastimento', 'imbarcazione', 'barca', 'scialuppa', 'lancia', 'schifo', 'battello', 'natante', 'transatlantico', 'chiatta', 'barcone', 'vascello']",ship
"['sous-vêtement', 'lingerie', 'chemise', 'Lingerie', 'dessous']","['Unterwäsche', 'Unterzeug', 'Unterbekleidung', 'Leibwäsche', 'Hemd', 'Reizwäsche', 'Dessous', 'Lingerie', 'Damenunterwäsche']","['нижнее бельё', 'нательное бельё', 'нижняя одежда', 'рубашка', 'соро́чка', 'руба́шка', 'Женское нательное бельё', 'же́нское ни́жнее бельё', 'женское нательное бельё', 'да́мское бельё', 'ни́жнее бельё', 'испо́днее', 'бельё']","['lingerie', 'underwear', 'undergarment', 'unmentionable', 'shirt', 'intimate apparel', 'underclothing', 'underclothes']","['衬衣', '内衣', '襯衣', '內衣', '衬衫', '襯衫', '女式内衣', '女內衣', '女内衣', '女睡衣', '妇女贴身内衣', '内衣裤', '內衣褲']","['lencería', 'ropa interior', 'camisa', 'ropa íntima', 'ropa blanca', 'chones', 'calzones']","['下着', 'シャツ', 'ワイシャツ', 'ランジェリー']","['속옷', '셔츠', '와이셔츠', '남방', '란제리', '세탁소']","['aluspesu', 'särk', 'pesu']","['alusvaatteet', 'alusvaate', 'paita', 'aluspaita', 'paitapusero', 'intiimivaatteet']","['lingerie', 'ondergoed', 'onderkledingstuk', 'hemd', 'shirt', 'overhemd', 'Lingerie', 'onderkleren', 'onderkleding']",['क़मीज़'],"['intimo', 'lingerie', 'biancheria intima', 'indumento intimo', 'camicia', 'maglia', 'biancheria femminile', 'biancheria', 'mutande']",shirt
"['soulier', 'tatane', 'chaussure', 'pompe', 'grolle', 'godasse']","['Schuh', 'Lackschuh']","['обувь', 'полуботи́нок', 'туфли', 'боти́нок', 'башма́к', 'Лёгкая обувь', 'о́бувь', 'ту́фля']",['shoe'],"['鞋', '鞋子']",['zapato'],"['靴', 'シューズ']","['신', '신발']","['king', 'kingad']",['kenkä'],"['schoen', 'aansteker']","['शू', 'जूता']","['scarpa', 'calzatura']",shoe
"['peau', 'tégument', 'cuir', 'maroquinerie', 'fourrure', 'dépouille']","['Haut', 'Leder', 'Lederwaren', 'Pelz', 'Fell', 'Balg']","['кожа', 'мех', 'Мех', 'шку́ра', 'ко́жа', 'шерсть']","['skin', 'tegument', 'cutis', 'Cutis', 'leather goods', 'leather', 'fur', 'pelt']","['皮', '肌膚', '皮膚', '肌肤', '皮肤', '外皮', '皮革', '毛皮', '兽皮']","['piel', 'cutis', 'tegumento', 'cuero', 'marroquinería', 'pelaje']","['肌', '皮膚', '革', '皮革', '毛皮']","['살갗', '피부', '가죽', '피혁', '모피']","['nahk', 'Nahk', 'karusnahk', 'karvastik']","['iho', 'nahka', 'tegumentti', 'cutis', 'turkki', 'turkis', 'talja', 'vuota']","['vel', 'huid', 'skinhead', 'onderhuid', 'leder', 'lederwaren', 'leer', 'bont', 'pels', 'vacht']","['त्वचा', 'चमड़ा', 'ऊर्णाजिन']","['pelle', 'buccia', 'cute', 'epidermide', 'cuoio', 'pelliccia', 'pelle grezza', 'pelle non conciata', 'pelame']",skin
['jupe'],['Rock'],"['юбка', 'ю́бка']",['skirt'],"['裙子', '裙', '女裙']","['falda', 'saya', 'enaguas', 'pollera']",['スカート'],"['치마', '스커트']","['seelik', 'Seelik']",['hame'],['rok'],['स्कर्ट'],"['gonna', 'sottana', 'gonnella']",skirt
"['serpent', 'ophidien', 'serpentes']","['Schlange', 'Schlangen', 'Wurm']","['змея', 'змея́', 'змеи']","['snake', 'serpent', 'ophidian']","['蛇', '长虫', '長蟲']","['sierpe', 'serpiente', 'ofidio', 'culebra', 'Serpentes', 'víbora', 'serpentes', 'serpientes']",['ヘビ'],['뱀'],"['madu', 'maolised']","['käärmeet', 'käärme']","['slang', 'serpent', 'slangen']","['साँप', 'सर्प', 'नाग']","['serpente', 'serpe', 'biscia', 'serpentes', 'colubro', 'Serpente']",snake
"['chaussette', 'bas']","['Strumpf', 'Socke']","['носок', 'носки', 'носо́к']",['sock'],"['短襪', '襪子', '袜子']","['calcetín', 'media', 'calcetines']","['靴下', 'ソックス']",['양말'],"['Sokk', 'sokk']",['sukka'],['sok'],['मोज़ा'],"['calzino', 'calza', 'pedalino', 'calzetta']",sock
"['éponge', 'éponges', 'Porifera', 'parazoaire']","['Schwämme', 'Schwamm']",['губки'],"['marine sponge', 'sponges', 'poriferan', 'sponge', 'parazoan', 'Porifera']","['海绵', '多孔动物门']","['esponja', 'esponjas', 'poríferos', 'Porifera', 'poriferan', 'parazoan', 'poríforo', 'porifera']","['海綿動物', 'Porifera']","['해면동물', 'Porifera']","['käsn', 'käsnad']","['sienieläimet', 'sienieläin']","['spons', 'sponzen', 'sponsdieren']","['स्पंज', 'Porifera']","['porifera', 'spugna', 'Porifera']",sponge
"['cuillère', 'cuiller']",['Löffel'],['ложка'],['spoon'],"['匕', '匙', '勺子', '勺', '匙子', '调羹', '汤匙']",['cuchara'],"['スプーン', 'さじ']","['스푼', '숟가락']","['lusikas', 'Lusikas']","['lusikka', 'kapusta']",['lepel'],"['चम्मच', 'चम्चा', 'चमचा']",['cucchiaio'],spoon
['source'],['Quelle'],"['родник', 'ключ', 'студене́ц', 'родни́к', 'исто́чник']","['spring', 'outpouring', 'outflow', 'fountain', 'natural spring']","['源泉', '泉', '泉水', '喷泉']","['manantial', 'fuente', 'vertiente', 'surtidor', 'brollador', 'fuente natural', 'emanación']","['泉', '湧水', '温泉']","['샘터', '샘']","['allikas', 'läte', 'veesilm']","['lähde', 'ulosvirtaus', 'purkaus', 'luonnonlähde']","['bron', 'wel', 'fontein']","['पानी का चश्मा', 'चश्मा']","['sorgente', 'fonte', 'polla', 'scaturigine']",spring
"['timbre-poste', 'timbre', 'timbre postal']","['Briefmarke', 'Wertzeichen', 'Freimarke', 'Wert', 'Postwertzeichen', 'Marke']","['марка', 'ма́рка', 'почто́вая ма́рка', 'почтовая марка']","['stamp', 'postage', 'postage stamp']","['邮票', '郵票']","['estampilla', 'timbre postal', 'sello', 'sello postal', 'timbre', 'porte', 'franqueo', 'sello de correos']","['切手', '郵便切手']",['우표'],"['postmark', 'mark']","['postimerkki', 'merkki']","['postzegel', 'zegel', 'herenakkoord']","['टिकट', 'डाक टिकट', 'डाक-टिकट', 'स्टाम्प', 'डाक का टिकट']","['francobollo', 'francatura', 'affrancazione', 'affrancatura']",stamp
['étoile'],"['Stern', 'Sonne', 'Fixstern']","['звезда', 'звезда́']",['star'],"['星', '恒星', '恆星', '母恒星']","['estrella', 'astro']","['恒星', '母恒星']","['별', '항성', '외계 행성 주인별']",['täht'],"['tähti', 'kiintotähti']","['zon', 'ster', 'sterretje']",['तारा'],"['stella', 'astro', 'sole']",star
['cigare'],['Zigarre'],['сигара'],['cigar'],"['雪茄烟', '雪茄']","['cigarro', 'puro', 'cigarro puro', 'cigarrillo', 'chicote', 'tagarnina']","['葉巻きタバコ', '葉巻きたばこ']",['엽궐련'],"['Sigar', 'sigar']",['sikari'],['sigaar'],['सिगार'],['sigaro'],stick
['bas'],"['Strümpfe', 'Nylonstrumpf']",['чулки'],"['stocking', 'stockings']",['絲襪'],"['medias', 'media']",['ストッキング'],['스타킹'],['Sukad'],['sukka'],"['kous', 'kousje']",['मोज़ा'],"['calze', 'calza']",stocking
"['estomac', 'ventre']","['Bauch', 'Magen']","['желудок', 'желудок человека', 'Желудок человека']","['stomach', 'breadbasket', 'tummy', 'tum', 'body of stomach']","['肚子', '胃']","['estómago', 'barriga', 'panza', 'buche', 'tum', 'granero']","['胃', '胃体', '胃体部']","['위', '위장']","['kõht', 'magu', 'Magu']","['vatsa', 'maha', 'Mahalaukku', 'mahalaukku', 'masu']","['maag', 'buik']","['अमाशय', 'आमाशय']","['stomaco', 'pancia', 'addome', 'ventre']",stomach
"['mémoire vive', 'RAM', 'mémoire', 'mémoire informatique', 'mémoire de stockage']","['Random-Access Memory', 'Arbeitsspeicher', 'Datenspeicher', 'Speichermedium', 'Speicher', 'Computerspeicher']","['запоминающее устройство с произвольным доступом', 'устройство хранения информации', 'запоминающее устройство', 'компью́терная па́мять', 'компьютерная память', 'компьютерное хранилище данных', 'па́мять']","['RAM', 'random access memory', 'random-access memory', 'read/write memory', 'random memory', 'computer memory', 'computer storage', 'computer data storage', 'storage', 'memory', 'memory board', 'store']","['内存', '随机存取存储器', '電腦數據存貯器', '電腦記憶體', '內存', '存储器']","['RAM', 'memoria de acceso aleatorio', 'memoria RAM', 'memoria', 'dispositivo de almacenamiento', 'memoria principal', 'memoria informática', 'memoria computacional', 'almacenar', 'almacén', 'almacenamiento', 'tarjeta de memoria', 'almacenamiento computacional']","['Random Access Memory', '記憶装置', 'メモリ', '主記憶装置', 'メモリー']","['랜덤 액세스 메모리', '주기억장치', '기억 장치', '메모리']","['Muutmälu', 'muutmälu', 'Mälu', 'mälu', 'arvuti mälu']","['hajasaantimuisti', 'keskusmuisti', 'RAM-muisti', 'luku/kirjoitus-muisti', 'muisti', 'muistikortti', 'tietokonemuisti']","['RAM', 'RAM-geheugen', 'random-access memory', 'werkgeheugen', 'ram', 'opslagmedium', 'geheugen', 'computergeheugen', 'intern geheugen', 'geheugeneenheid']","['रैंडम एक्सैस मैमोरी', 'रैम', 'कंप्यूटर स्मृति']","['RAM', 'memoria RAM', 'memoria ad accesso casuale', 'RAM.', 'memoria per computer', 'memoria', 'memoria informatica']",store
"['dimanche', 'jour du Seigneur', 'Dimanche']","['Sonntag', 'Herrentag', 'Tag des Herrn', 'Herrntag']","['воскресенье', 'неде́ля', 'воскресе́нье', 'День Господень']","['Sunday', 'Sun', ""Lord's Day"", 'Dominicus']","['星期天', '周日', '主日', '星期日', '礼拜天', '禮拜日', '礼拜日', '禮拜天', '朝圣日']","['domingo', 'Día del Señor', 'día del Senyor', 'dom']","['日曜日', '主日', '日曜']","['일요일', '주일']",['pühapäev'],"['sunnuntai', 'lepopäivä', 'pyhäpäivä', 'su', 'Dominicus']",['zondag'],"['रविवार', 'आदित्यवार', 'इतवार', 'एतवार', 'सूर्यवार', 'भानुवार']",['domenica'],sun
"['table', 'bureau']","['Tisch', 'Schreibtisch']","['стол', 'письменный стол', 'Бюро', 'бюро']","['table', 'desk']","['桌子', '桌', '书桌', '書桌', '工作台']","['mesa', 'escritorio', 'pupitre', 'mesa de despacho', 'bufete', 'buro']","['テーブル', '台', '卓', '卓袱台', '机']","['테이블', '탁자', '밥상', '상', '책상']","['laud', 'Kirjutuslaud']","['pöytä', 'kirjoituspöytä']","['tafel', 'bureau', 'schrijftafel', 'lessenaar']","['उत्पीठिका', 'पटल', 'मेज़']","['tavola', 'tavolo', 'scrittoio', 'scrivania', 'tavolino', 'banco']",table
"['habit de soirée', 'queue-de-pie', 'habit', 'queue-de-morue', 'pile', 'queue']","['Frack', 'Frackrock', 'Schwanz']","['фрак', 'хвост']","['dress suit', 'tails', 'white tie and tails', 'tail coat', 'white tie', 'tailcoat', 'full dress', 'full dress suit', 'tail']","['尾巴', '白領結', '燕尾服', '男式夜礼服', '尾子', '尾']","['frac', 'Frac', 'chaqué', 'traje de etiqueta', 'cola']","['ホワイト・タイ', '燕尾服', '尾', '尻尾']","['연미복', '꼬리']","['Frakk', 'saba']","['Frakki', 'frakki', 'hännystakki', 'Hännystakki', 'juhlapuku', 'pyrstö', 'häntä']","['rokkostuum', 'Rokkostuum', 'full-dress', 'galakleding', 'gala', 'galakostuum', 'staart']","['दुम', 'पूंछ', 'पूँछ', 'पुच्छ']","['frac', 'abito da cerimonia', 'marsina', 'coda']",tail
"['fil', 'fil textile']","['Garn', 'Faden', 'Zwirn', 'Strang', 'Nähgarn']","['пряжа', 'пря́жа', 'нить', 'ни́тка']","['thread', 'yarn']","['纱线', '纱', '线', '紗', '線', '毛線', '毛线', '紗線']","['hilo', 'hebra', 'hilado', 'lana', 'hilaza']","['糸', '毛糸']","['실', '털실']","['kedrus', 'lõng', 'niit']","['rihma', 'lanka', 'kuitu', 'säie']","['garen', 'draad']","['तागा', 'सूत', 'धागा', 'तंत', 'ताँत', 'सूत्र', 'डोरा', 'तन्तु']","['filo', 'filato', 'refe', 'cucirino']",thread
"['pharynx', 'gorge']","['Rachen', 'Pharynx', 'Kehle']","['горта́нь', 'зев', 'глотка', 'гло́тка', 'фа́ринкс', 'горло', 'го́рло']","['pharynx', 'throat']","['咽头', '咽', '咽頭', '咽喉', '嗓子', '喉咙', '喉嚨']","['faringe', 'garganta']","['咽頭', '喉', '咽喉']","['인두', '멱살', '목구멍', '멱']","['Neel', 'neel', 'kurk']","['nielu', 'farynks', 'kurkku', 'pharynx']","['farynx', 'hals', 'keel', 'gorgel', 'strot']","['ग्रसनी', 'गला']","['faringe', 'gola', 'gozzo', 'strozza', 'gorgia']",throat
['pouce'],['Daumen'],"['большой палец', 'большо́й па́лец']","['thumb', 'pollex']","['拇指', '大拇指', '大指', '大拇哥']","['pulgar', 'dedo pulgar', 'dedo', 'pollex', 'dedo gordo']",['親指'],"['엄지', '엄지손가락']",['pöial'],"['peukalo', 'pollex']",['duim'],"['अंगूठा', 'अंगुष्ठ']","['dito grosso', 'pollice', 'indice']",thumb
"['orteil', 'doigt de pied', 'doigts de pied', 'petit orteil']","['Zeh', 'kleiner Zeh', 'Zehe', 'Digitus pedis III', 'Digitus pedis II']","['мизинец', 'палец', 'па́лец на ноге́', 'палец стопы', 'па́лец ноги́', 'па́лец']","['toes', 'baby toe', 'toe', 'little toe', 'pinky toe', 'fifth toe', 'second toe', 'third toe']","['腳趾', '脚趾', '脚尖', '趾']","['dedos del pie', 'dedo pequeño del pie', 'dedo de pie', 'dedo del pie', 'dedo meñique', 'ortejo', 'meñique del pie', 'dedo']","['足指', 'つま先', '趾', '爪先', '指']",['발가락'],['varvas'],['varvas'],"['kleine teen', 'tenen', 'teen', 'kom nou']",['पाँव का अंगूठा'],"['minolo', 'quinto dito', 'dito del piede', 'dito', 'alluce']",toe
"['soulier', 'tatane', 'chaussure', 'pompe', 'grolle', 'godasse']","['Schuh', 'Lackschuh']","['обувь', 'полуботи́нок', 'туфли', 'боти́нок', 'башма́к', 'Лёгкая обувь', 'о́бувь', 'ту́фля']",['shoe'],"['鞋', '鞋子']",['zapato'],"['靴', 'シューズ']","['신', '신발']","['king', 'kingad']",['kenkä'],"['schoen', 'aansteker']","['शू', 'जूता']","['scarpa', 'calzatura']",tongue
"['dents', 'dent', 'dent humaine']","['Zähne', 'Zahn', 'menschlicher Zahn']","['зуб', 'зубы человека', 'Зубы человека']","['tooth', 'teeth', 'human tooth']","['牙齒', '人類牙齒', '牙齿', '齿', '牙']","['diente', 'dientes', 'diente humano']","['歯', 'ヒトの歯']","['이', '사람의 이']","['Hambad', 'hammas', 'hambad']","['hammas', 'Hammas']","['gebitselement', 'tand', 'tanden', 'menselijke tand']","['मानव दाँत', 'दाँत']","['denti', 'dente', 'dente umano']",tooth
"['train', 'convoi']","['Zug', 'Personenzug']",['поезд'],"['passenger train', 'train', 'railroad train']","['火車', '列车', '火车', '列車', '鐵路列車', '铁路列车']","['tren', 'ferrocarril', 'locomotora', 'trenes']",['列車'],"['기차', '열차']",['rong'],"['juna', 'opettaa', 'harjoittaa']","['trein', 'konvooi', 'karavaan']",['रेलगाड़ी'],"['treno passeggeri', 'treno', 'convoglio']",train
['arbre'],['Baum'],['дерево'],['tree'],"['树', '樹', '乔木']","['árbol', 'arbol']","['樹木', '木']",['나무'],['puu'],['puu'],['boom'],"['पेड़', 'वृक्ष']","['albero', 'albore', 'arbore']",tree
"['pépin', 'parapluie', 'pébroque', 'riflard', 'en-cas', 'ombrelle']","['Parapluie', 'Schirm', 'Regenschirm']",['зонт'],['umbrella'],"['傘', '雨傘', '伞', '雨伞']","['paraguas', 'sombrilla', 'parasol']",['雨傘'],['우산과 양산'],['vihmavari'],['sateenvarjo'],"['paraplu', 'regenscherm']",['छाता'],"['ombrello', 'parapioggia', 'ombrellone', 'paracqua']",umbrella
['mur'],"['Wand', 'Mauer']",['стена'],['wall'],"['牆', '墙', '墙壁']","['pared', 'muro', 'muralla']",['壁'],['벽'],"['sein', 'müür']","['seinä', 'muuri']","['wand', 'muur']",['दीवार'],"['parete', 'muro']",wall
"['bracelet-montre', 'montre', 'montre-bracelet']","['Armbanduhr', 'Uhr', 'Taschenuhr oder Armbanduhr']","['наручные часы', 'часы', 'наручные или карманные часы', 'часы́', 'Переносные часы', 'нару́чные часы́']","['watch', 'wrist watch', 'wristwatch', 'ticker']","['錶', '手錶', '手表', '表', '怀表']","['reloj', 'reloj de pulsera', 'peluco', 'reloj pulsera']","['腕時計', '懐中時計', 'リストウォッチ', '時計', 'ウオッチ']","['시간팔찌', '휴대용 시계', '손목 시계', '워치', '시계']","['käekell', 'kell']","['rannekello', 'taskukello', 'kello']","['polshorloge', 'klokje', 'horloge', 'klok', 'uurwerk']","['वॉच', 'घड़ी', 'घडी']","['orologio', 'orologio da polso', 'orologio da tasca', 'cipolla']",watch
"['vélo', 'bicyclette', 'petite reine', 'vélocipède']","['Fahrrad', 'Rad', 'Veloziped', 'Velo', 'Drahtesel']","['велосипед', 'велосипе́д', 'ве́лик']","['cycle', 'bicycle', 'bike', 'wheel']","['单车', '單車', '自行車', '脚踏车', '鐵馬', '自行车', '铁马', '自由車', '腳踏車', '自由车']","['bicicleta', 'bici', 'bicicletas']","['自転車', 'チャリ', 'チャリンコ']","['自轉車', '자전거']","['jalgratas', 'ratas']","['polkupyörä', 'pyörä', 'velosipedi', 'fillari']","['fiets', 'kar', 'velo', 'rijwiel', 'stalen ros']","['सायकिल', 'साइकल', 'पैरगाड़ी', 'साइकिल']","['bicicletta', 'bici', 'ciclo', 'bike']",wheel
['fouet'],"['Peitsche', 'Knute', 'Zagel']","['бич', 'нага́йка', 'кнут', 'бато́г', 'плеть', 'плётка', 'хлыст']",['whip'],"['鞭子', '鞭']","['fuete', 'flagelo', 'látigo', 'fusta']","['鞭', 'むち']",['채찍'],"['piits', 'Piits']","['ruoska', 'piiska']",['zweep'],"['हंटर', 'कोड़ा', 'चाबुक']","['frustino', 'frusta', 'sferza', 'nerbo', 'staffile', 'scudiscio']",whip
['aile'],['Flügel'],['крыло'],['wing'],"['翅膀', '翼', '翅', '机翼']",['ala'],['翼'],['날개'],"['tiib', 'Tiib']",['siipi'],"['vleugel', 'vlerk', 'wiek']",['पक्ष'],['ala'],wing
